CREATE DATABASE  IF NOT EXISTS `cocktails` /*!40100 DEFAULT CHARACTER SET utf8mb4 COLLATE utf8mb4_general_ci */;
USE `cocktails`;
-- MySQL dump 10.13  Distrib 8.0.34, for Win64 (x86_64)
--
-- Host: localhost    Database: cocktails
-- ------------------------------------------------------
-- Server version	5.5.5-10.11.6-MariaDB-0+deb12u1

/*!40101 SET @OLD_CHARACTER_SET_CLIENT=@@CHARACTER_SET_CLIENT */;
/*!40101 SET @OLD_CHARACTER_SET_RESULTS=@@CHARACTER_SET_RESULTS */;
/*!40101 SET @OLD_COLLATION_CONNECTION=@@COLLATION_CONNECTION */;
/*!50503 SET NAMES utf8 */;
/*!40103 SET @OLD_TIME_ZONE=@@TIME_ZONE */;
/*!40103 SET TIME_ZONE='+00:00' */;
/*!40014 SET @OLD_UNIQUE_CHECKS=@@UNIQUE_CHECKS, UNIQUE_CHECKS=0 */;
/*!40014 SET @OLD_FOREIGN_KEY_CHECKS=@@FOREIGN_KEY_CHECKS, FOREIGN_KEY_CHECKS=0 */;
/*!40101 SET @OLD_SQL_MODE=@@SQL_MODE, SQL_MODE='NO_AUTO_VALUE_ON_ZERO' */;
/*!40111 SET @OLD_SQL_NOTES=@@SQL_NOTES, SQL_NOTES=0 */;

--
-- Table structure for table `logorder`
--

DROP TABLE IF EXISTS `logorder`;
/*!40101 SET @saved_cs_client     = @@character_set_client */;
/*!50503 SET character_set_client = utf8mb4 */;
CREATE TABLE `logorder` (
  `id` int(11) NOT NULL AUTO_INCREMENT,
  `cocktailId` int(11) DEFAULT NULL,
  `dateTime` datetime DEFAULT NULL,
  `cupThere` tinyint(1) DEFAULT NULL,
  `scannedColor` varchar(50) DEFAULT NULL,
  PRIMARY KEY (`id`),
  KEY `cocktailId` (`cocktailId`),
  CONSTRAINT `logorder_ibfk_1` FOREIGN KEY (`cocktailId`) REFERENCES `tblcocktails` (`idDrink`)
) ENGINE=InnoDB AUTO_INCREMENT=16 DEFAULT CHARSET=utf8mb3 COLLATE=utf8mb3_general_ci;
/*!40101 SET character_set_client = @saved_cs_client */;

--
-- Dumping data for table `logorder`
--

LOCK TABLES `logorder` WRITE;
/*!40000 ALTER TABLE `logorder` DISABLE KEYS */;
INSERT INTO `logorder` VALUES (1,101,'2024-06-16 12:00:00',1,'Red'),(2,102,'2024-06-16 12:05:00',0,'Blue'),(3,103,'2024-06-16 12:10:00',1,'Green'),(4,104,'2024-06-16 12:15:00',0,'Yellow'),(5,105,'2024-06-16 12:20:00',1,'Purple'),(6,106,'2024-06-16 12:25:00',1,'Orange'),(7,107,'2024-06-16 12:30:00',0,'Pink'),(8,108,'2024-06-16 12:35:00',1,'Brown'),(9,109,'2024-06-16 12:40:00',0,'Gray'),(10,110,'2024-06-16 12:45:00',1,'Black'),(11,111,'2024-06-16 12:50:00',0,'White'),(12,112,'2024-06-16 12:55:00',1,'Cyan'),(13,113,'2024-06-16 13:00:00',0,'Magenta'),(14,114,'2024-06-16 13:05:00',1,'Lime'),(15,115,'2024-06-16 13:10:00',0,'Navy');
/*!40000 ALTER TABLE `logorder` ENABLE KEYS */;
UNLOCK TABLES;

--
-- Table structure for table `logtemp`
--

DROP TABLE IF EXISTS `logtemp`;
/*!40101 SET @saved_cs_client     = @@character_set_client */;
/*!50503 SET character_set_client = utf8mb4 */;
CREATE TABLE `logtemp` (
  `dateTime` datetime DEFAULT NULL,
  `tempInC` float DEFAULT NULL
) ENGINE=InnoDB DEFAULT CHARSET=utf8mb3 COLLATE=utf8mb3_general_ci;
/*!40101 SET character_set_client = @saved_cs_client */;

--
-- Dumping data for table `logtemp`
--

LOCK TABLES `logtemp` WRITE;
/*!40000 ALTER TABLE `logtemp` DISABLE KEYS */;
INSERT INTO `logtemp` VALUES ('2024-06-03 15:26:36',85),('2024-06-03 15:26:38',24.937),('2024-06-03 15:26:40',24.937),('2024-06-03 15:26:42',24.937),('2024-06-03 15:26:44',25),('2024-06-03 15:26:46',24.937),('2024-06-03 15:26:47',24.937),('2024-06-03 15:26:49',24.937),('2024-06-03 15:26:51',24.937),('2024-06-03 15:26:53',24.937),('2024-06-03 15:26:55',24.937),('2024-06-03 15:26:57',24.937),('2024-06-03 15:26:58',24.937),('2024-06-03 15:27:00',24.937),('2024-06-03 15:27:02',24.937),('2024-06-03 15:27:04',24.937),('2024-06-03 15:27:06',24.937),('2024-06-03 15:27:07',24.937),('2024-06-03 15:27:09',24.937),('2024-06-03 15:27:11',25),('2024-06-03 15:27:13',24.937),('2024-06-03 15:27:15',24.937),('2024-06-03 15:27:17',24.937),('2024-06-03 15:27:18',24.937),('2024-06-03 15:27:20',25),('2024-06-03 15:27:22',24.937),('2024-06-03 15:27:24',24.937),('2024-06-03 15:27:26',24.937),('2024-06-03 15:27:28',24.937),('2024-06-03 15:27:29',24.937),('2024-06-03 15:27:31',25),('2024-06-03 15:27:33',25),('2024-06-03 15:27:35',24.937),('2024-06-03 15:27:37',24.937),('2024-06-03 15:27:38',24.937),('2024-06-03 15:27:40',24.937),('2024-06-03 15:27:42',24.937),('2024-06-03 15:27:44',24.937),('2024-06-03 15:27:46',24.937),('2024-06-03 15:27:48',24.937),('2024-06-03 15:27:49',24.937),('2024-06-03 15:27:51',24.937),('2024-06-03 15:27:53',24.937),('2024-06-03 15:27:55',25),('2024-06-03 15:27:57',25.062),('2024-06-03 15:27:59',25),('2024-06-03 15:28:00',24.937),('2024-06-03 15:28:02',25),('2024-06-03 15:28:04',24.937),('2024-06-03 15:28:06',25),('2024-06-03 15:28:08',24.937),('2024-06-03 15:28:10',24.937),('2024-06-03 15:28:11',24.937),('2024-06-03 15:28:13',25),('2024-06-03 15:28:15',25),('2024-06-03 15:28:17',24.937),('2024-06-03 15:28:19',24.937),('2024-06-03 15:28:20',24.937),('2024-06-03 15:28:22',24.937),('2024-06-03 15:28:24',24.937),('2024-06-03 15:28:26',25),('2024-06-03 15:28:28',25),('2024-06-03 15:28:30',25),('2024-06-03 15:28:31',24.937),('2024-06-03 15:28:33',24.937),('2024-06-03 15:28:35',25),('2024-06-03 15:28:37',24.937),('2024-06-03 15:28:39',25),('2024-06-03 15:28:41',25),('2024-06-03 15:28:42',24.937),('2024-06-03 15:28:44',24.937),('2024-06-03 15:28:46',25),('2024-06-03 15:28:48',24.937),('2024-06-03 15:28:50',25),('2024-06-03 15:28:51',25),('2024-06-03 15:28:53',24.937),('2024-06-03 15:28:55',25),('2024-06-03 15:28:57',25),('2024-06-03 15:28:59',24.937),('2024-06-03 15:29:01',24.937),('2024-06-03 15:29:02',25),('2024-06-03 15:29:04',25),('2024-06-03 15:29:06',24.937),('2024-06-03 15:29:08',25),('2024-06-03 15:29:10',25),('2024-06-03 15:29:12',25),('2024-06-03 15:29:13',25),('2024-06-03 15:29:15',25),('2024-06-03 15:29:17',25),('2024-06-03 15:29:19',25),('2024-06-03 15:29:21',25),('2024-06-03 15:29:23',25),('2024-06-03 15:29:24',25),('2024-06-03 15:29:26',25),('2024-06-03 15:29:28',25),('2024-06-03 15:29:30',25.062),('2024-06-03 15:29:32',25),('2024-06-03 15:29:34',25),('2024-06-03 15:29:35',25),('2024-06-03 15:29:37',25),('2024-06-03 15:29:39',25),('2024-06-03 15:29:41',25),('2024-06-03 15:29:43',25),('2024-06-03 15:29:44',25.062),('2024-06-03 15:29:46',25),('2024-06-03 15:29:48',25),('2024-06-03 15:29:50',25),('2024-06-03 15:29:52',25),('2024-06-03 15:29:54',25),('2024-06-03 15:29:55',25),('2024-06-03 15:29:57',25),('2024-06-03 15:29:59',25.062),('2024-06-03 15:30:01',25),('2024-06-03 15:30:03',25),('2024-06-03 15:30:05',25),('2024-06-03 15:30:06',25),('2024-06-03 15:30:08',25),('2024-06-03 15:30:10',25),('2024-06-03 15:30:12',25),('2024-06-03 15:30:14',25),('2024-06-03 15:30:15',25),('2024-06-03 15:30:17',25),('2024-06-03 15:30:19',25),('2024-06-03 15:30:21',25),('2024-06-03 15:30:23',25),('2024-06-03 15:30:25',25),('2024-06-03 15:30:26',25),('2024-06-03 15:30:28',25.062),('2024-06-03 15:30:30',25),('2024-06-03 15:30:32',25),('2024-06-03 15:30:34',25),('2024-06-03 15:30:36',25),('2024-06-03 15:30:37',25),('2024-06-03 15:30:39',25.062),('2024-06-03 15:30:41',25),('2024-06-03 15:30:43',25),('2024-06-03 15:30:45',25),('2024-06-03 15:30:46',25),('2024-06-03 15:30:48',25),('2024-06-03 15:30:50',25),('2024-06-03 15:30:52',25),('2024-06-03 15:30:54',25),('2024-06-03 15:30:56',25),('2024-06-03 15:30:57',25),('2024-06-03 15:30:59',25),('2024-06-03 15:31:01',25),('2024-06-03 15:31:03',25),('2024-06-03 15:31:05',25),('2024-06-03 15:31:07',25),('2024-06-03 15:31:08',24.937),('2024-06-03 15:31:10',25.062),('2024-06-03 15:31:12',25),('2024-06-03 15:31:14',25),('2024-06-03 15:31:16',25),('2024-06-03 15:31:17',25),('2024-06-03 15:31:19',25),('2024-06-03 15:31:21',25),('2024-06-03 15:31:23',25.062),('2024-06-03 15:31:25',25),('2024-06-03 15:31:27',25),('2024-06-03 15:31:28',25),('2024-06-03 15:31:30',25),('2024-06-03 15:31:32',25),('2024-06-03 15:31:34',25),('2024-06-03 15:31:36',24.937),('2024-06-03 15:31:38',25),('2024-06-03 15:31:39',25),('2024-06-03 15:31:41',24.937),('2024-06-03 15:31:43',24.937),('2024-06-03 15:31:45',25),('2024-06-03 15:31:47',25),('2024-06-03 15:31:49',25),('2024-06-03 15:31:50',25),('2024-06-03 15:31:52',25),('2024-06-03 15:31:54',25),('2024-06-03 15:31:56',24.937),('2024-06-03 15:31:58',25),('2024-06-03 15:32:00',24.937),('2024-06-03 15:32:01',24.937),('2024-06-03 15:32:03',25),('2024-06-03 15:32:05',24.937),('2024-06-03 15:32:07',24.937),('2024-06-03 15:32:09',24.937),('2024-06-03 15:32:10',24.937),('2024-06-03 15:32:12',24.937),('2024-06-03 15:32:14',25),('2024-06-03 15:32:16',24.937),('2024-06-03 15:32:18',25),('2024-06-03 15:32:20',24.937),('2024-06-03 15:32:21',24.937),('2024-06-03 15:32:23',24.937),('2024-06-03 15:32:25',24.937),('2024-06-03 15:32:27',24.937),('2024-06-03 15:32:29',24.937),('2024-06-03 15:32:31',24.937),('2024-06-03 15:32:35',24.937),('2024-06-03 15:32:37',24.937),('2024-06-03 15:32:39',24.937),('2024-06-03 15:32:41',24.937),('2024-06-03 15:32:43',25),('2024-06-03 15:32:45',25.375),('2024-06-03 15:32:46',25.562),('2024-06-03 15:32:48',25.562),('2024-06-03 15:32:50',25.625),('2024-06-03 15:32:52',25.562),('2024-06-03 15:32:54',25.562),('2024-06-03 15:32:55',25.625),('2024-06-03 15:32:57',25.562),('2024-06-03 15:32:59',25.5),('2024-06-03 15:33:01',25.5),('2024-06-03 15:33:03',25.5),('2024-06-03 15:33:05',25.5),('2024-06-03 15:33:06',25.5),('2024-06-03 15:33:08',25.562),('2024-06-03 15:33:10',25.5),('2024-06-03 15:33:12',25.437),('2024-06-03 15:33:14',25.437),('2024-06-03 15:33:16',25.437),('2024-06-03 15:33:17',25.5),('2024-06-03 15:33:19',25.437),('2024-06-03 15:33:21',25.5),('2024-06-03 15:33:23',25.437),('2024-06-03 15:33:25',25.437),('2024-06-03 15:33:26',25.437),('2024-06-03 15:33:28',25.437),('2024-06-03 15:33:30',25.437),('2024-06-03 15:33:32',25.375),('2024-06-03 15:33:34',25.375),('2024-06-03 15:33:36',25.375),('2024-06-03 15:33:37',25.375),('2024-06-03 15:33:39',25.375),('2024-06-03 15:33:41',25.375),('2024-06-03 15:33:43',25.437),('2024-06-03 15:33:45',25.375),('2024-06-03 15:33:47',25.375),('2024-06-03 15:33:48',25.375),('2024-06-03 15:33:50',25.312),('2024-06-03 15:33:52',25.312),('2024-06-03 15:33:54',25.375),('2024-06-03 15:33:56',25.312),('2024-06-03 15:33:58',25.312),('2024-06-03 15:33:59',25.312),('2024-06-03 15:34:01',25.312),('2024-06-03 15:34:03',25.312),('2024-06-03 15:34:05',25.312),('2024-06-03 15:34:07',25.312),('2024-06-03 15:34:08',25.312),('2024-06-03 15:34:10',25.312),('2024-06-03 15:34:12',25.25),('2024-06-03 15:34:14',25.312),('2024-06-03 15:34:16',25.312),('2024-06-03 15:34:18',25.312),('2024-06-03 15:34:19',25.25),('2024-06-03 15:34:21',25.25),('2024-06-03 15:34:23',25.25),('2024-06-03 15:34:25',25.25),('2024-06-03 15:34:27',25.25),('2024-06-03 15:34:29',25.312),('2024-06-03 15:34:30',25.25),('2024-06-03 15:34:32',25.25),('2024-06-03 15:34:34',25.25),('2024-06-03 15:34:36',25.25),('2024-06-03 15:34:38',25.312),('2024-06-03 15:34:39',25.25),('2024-06-03 15:34:41',25.25),('2024-06-03 15:34:43',25.312),('2024-06-03 15:34:45',25.187),('2024-06-03 15:34:47',25.187),('2024-06-03 15:34:49',25.25),('2024-06-03 15:34:50',25.187),('2024-06-03 15:34:52',25.187),('2024-06-03 15:34:54',25.25),('2024-06-03 15:34:56',25.25),('2024-06-03 15:34:58',25.187),('2024-06-03 15:35:00',25.25),('2024-06-03 15:35:01',25.187),('2024-06-03 15:35:03',25.25),('2024-06-03 15:35:05',25.187),('2024-06-03 15:35:07',25.187),('2024-06-03 15:35:09',25.25),('2024-06-03 15:35:10',25.187),('2024-06-03 15:35:12',25.25),('2024-06-03 15:35:14',25.187),('2024-06-03 15:35:16',25.187),('2024-06-03 15:35:18',25.187),('2024-06-03 15:35:20',25.187),('2024-06-03 15:35:21',25.187),('2024-06-03 15:35:23',25.187),('2024-06-03 15:35:25',25.187),('2024-06-03 15:35:27',25.25),('2024-06-03 15:35:29',25.187),('2024-06-03 15:35:31',25.187),('2024-06-03 15:35:32',25.187),('2024-06-03 15:35:34',25.187),('2024-06-03 15:35:36',25.187),('2024-06-03 15:35:38',25.187),('2024-06-03 15:35:40',25.187),('2024-06-03 15:35:41',25.125),('2024-06-03 15:35:43',25.125),('2024-06-03 15:35:45',25.187),('2024-06-03 15:35:47',25.125),('2024-06-03 15:35:49',25.187),('2024-06-03 15:35:51',25.187),('2024-06-03 15:35:52',25.187),('2024-06-03 15:35:54',25.187),('2024-06-03 15:35:56',25.125),('2024-06-03 15:35:58',25.125),('2024-06-03 15:36:00',25.187),('2024-06-03 15:36:02',25.125),('2024-06-03 15:36:03',25.125),('2024-06-03 15:36:05',25.125),('2024-06-03 15:36:07',25.125),('2024-06-03 15:36:09',25.125),('2024-06-03 15:36:11',25.125),('2024-06-03 15:36:13',25.187),('2024-06-03 15:36:14',25.125),('2024-06-03 15:36:16',25.125),('2024-06-03 15:36:18',25.125),('2024-06-03 15:36:20',25.125),('2024-06-03 15:36:22',25.125),('2024-06-03 15:36:23',25.125),('2024-06-03 15:36:25',25.125),('2024-06-03 15:36:27',25.125),('2024-06-03 15:36:29',25.062),('2024-06-03 15:36:31',25.125),('2024-06-03 15:36:33',25.125),('2024-06-03 15:36:34',25.062),('2024-06-03 15:36:36',25.125),('2024-06-03 15:36:38',25.062),('2024-06-03 15:36:40',25.062),('2024-06-03 15:36:42',25.062),('2024-06-03 15:36:44',25.062),('2024-06-03 15:36:45',25.125),('2024-06-03 15:36:47',25.062),('2024-06-03 15:36:49',25.062),('2024-06-03 15:36:51',25.062),('2024-06-03 15:36:53',25.062),('2024-06-03 15:36:54',25.062),('2024-06-03 15:36:56',25.125),('2024-06-03 15:36:58',25.062),('2024-06-03 15:37:00',25.062),('2024-06-03 15:37:02',25.062),('2024-06-03 15:37:04',25.062),('2024-06-03 15:37:05',25.062),('2024-06-03 15:37:07',25.062),('2024-06-03 15:37:09',25.062),('2024-06-03 15:37:11',25.062),('2024-06-03 15:37:13',25.062),('2024-06-03 15:37:15',25.062),('2024-06-03 15:37:16',25.062),('2024-06-03 15:37:18',25.062),('2024-06-03 15:37:20',25.062),('2024-06-03 15:37:22',25.062),('2024-06-03 15:37:24',25.062),('2024-06-03 15:37:25',25.062),('2024-06-03 15:37:27',25.062),('2024-06-03 15:37:29',25.062),('2024-06-03 15:37:31',25.062),('2024-06-03 15:37:33',25.062),('2024-06-03 15:37:35',25.062),('2024-06-03 15:37:36',25),('2024-06-03 15:37:38',25),('2024-06-03 15:37:40',25.062),('2024-06-03 15:37:42',25.062),('2024-06-03 15:37:44',25),('2024-06-03 15:37:46',25.062),('2024-06-03 15:37:47',25),('2024-06-03 15:37:49',25),('2024-06-03 15:37:51',25),('2024-06-03 15:37:53',25),('2024-06-03 15:37:55',25),('2024-06-03 15:37:57',25),('2024-06-03 15:37:58',25),('2024-06-03 15:38:00',25),('2024-06-03 15:38:02',25),('2024-06-03 15:38:04',25),('2024-06-03 15:38:06',25),('2024-06-03 15:38:07',25.062),('2024-06-03 15:38:09',25.312),('2024-06-03 15:38:11',26),('2024-06-03 15:38:13',26.625),('2024-06-03 15:38:15',26.812),('2024-06-03 15:38:17',26.75),('2024-06-03 15:38:18',26.812),('2024-06-03 15:38:20',26.812),('2024-06-03 15:38:22',26.687),('2024-06-03 15:38:24',26.625),('2024-06-03 15:38:26',26.625),('2024-06-03 15:38:28',26.625),('2024-06-03 15:38:29',26.562),('2024-06-03 15:38:31',26.5),('2024-06-03 15:38:33',26.437),('2024-06-03 15:38:35',26.437),('2024-06-03 15:38:37',26.437),('2024-06-03 15:38:38',26.375),('2024-06-03 15:38:40',26.375),('2024-06-03 15:38:42',26.312),('2024-06-03 15:38:44',26.312),('2024-06-03 15:38:46',26.312),('2024-06-03 15:38:48',26.25),('2024-06-03 15:38:49',26.25),('2024-06-03 15:38:51',26.25),('2024-06-03 15:38:53',26.187),('2024-06-03 15:38:55',26.187),('2024-06-03 15:38:57',26.187),('2024-06-03 15:38:59',26.125),('2024-06-03 15:39:00',26.125),('2024-06-03 15:39:02',26.125),('2024-06-03 15:39:04',26.125),('2024-06-03 15:39:06',26.125),('2024-06-03 15:39:08',26.062),('2024-06-03 15:39:09',26.062),('2024-06-03 15:39:11',26.062),('2024-06-03 15:39:13',26.062),('2024-06-03 15:39:15',26),('2024-06-03 15:39:17',26.062),('2024-06-03 15:39:19',26.062),('2024-06-03 15:39:20',26),('2024-06-03 15:39:22',26),('2024-06-03 15:39:24',25.937),('2024-06-03 15:39:26',25.937),('2024-06-03 15:39:28',26),('2024-06-03 15:39:30',25.937),('2024-06-03 15:39:31',25.937),('2024-06-03 15:39:33',25.937),('2024-06-03 15:39:35',25.875),('2024-06-03 15:39:37',25.875),('2024-06-03 15:39:39',25.875),('2024-06-03 15:39:40',25.812),('2024-06-03 15:39:42',25.875),('2024-06-03 15:39:44',25.812),('2024-06-03 15:39:46',26),('2024-06-03 15:39:48',26.125),('2024-06-03 15:39:50',26.125),('2024-06-03 15:39:51',26.125),('2024-06-03 15:39:53',26.125),('2024-06-03 15:39:55',26.125),('2024-06-03 15:39:57',26.187),('2024-06-03 15:39:59',26.062),('2024-06-03 15:40:01',26.062),('2024-06-03 15:40:02',26.062),('2024-06-03 15:40:04',26.062),('2024-06-03 15:40:06',26.062),('2024-06-03 15:40:08',26.062),('2024-06-03 15:40:10',26.062),('2024-06-03 15:40:11',26.062),('2024-06-03 15:40:13',26),('2024-06-03 15:40:15',26),('2024-06-03 15:40:17',26),('2024-06-03 15:40:19',26),('2024-06-03 15:40:21',25.937),('2024-06-03 15:40:22',25.937),('2024-06-03 15:40:24',25.937),('2024-06-03 15:40:26',25.937),('2024-06-03 15:40:28',25.937),('2024-06-03 15:40:30',25.875),('2024-06-03 15:40:32',25.875),('2024-06-03 15:40:33',25.875),('2024-06-03 15:40:35',25.812),('2024-06-03 15:40:37',25.812),('2024-06-03 15:40:39',25.812),('2024-06-03 15:40:41',25.812),('2024-06-03 15:40:43',25.75),('2024-06-03 15:40:44',25.75),('2024-06-03 15:40:46',25.75),('2024-06-03 15:40:48',25.687),('2024-06-03 15:40:50',25.75),('2024-06-03 15:40:52',25.75),('2024-06-03 15:40:53',25.75),('2024-06-03 15:40:55',25.812),('2024-06-03 15:40:57',25.687),('2024-06-03 15:40:59',25.687),('2024-06-03 15:41:01',25.687),('2024-06-03 15:41:03',25.687),('2024-06-03 15:41:04',25.687),('2024-06-03 15:41:06',25.687),('2024-06-03 15:41:08',25.625),('2024-06-03 15:41:10',25.625),('2024-06-03 15:41:12',25.625),('2024-06-03 15:41:14',25.625),('2024-06-03 15:41:15',25.625),('2024-06-03 15:41:17',25.625),('2024-06-03 15:41:19',25.625),('2024-06-03 15:41:21',25.625),('2024-06-03 15:41:23',25.625),('2024-06-03 15:41:24',25.625),('2024-06-03 15:41:26',25.562),('2024-06-03 15:41:28',25.562),('2024-06-03 15:41:30',25.562),('2024-06-03 15:41:32',25.562),('2024-06-03 15:41:34',25.562),('2024-06-03 15:41:35',25.562),('2024-06-03 15:41:37',25.562),('2024-06-03 15:41:39',25.562),('2024-06-03 15:41:41',25.5),('2024-06-03 15:41:43',25.5),('2024-06-03 15:41:45',25.562),('2024-06-03 15:41:47',25.5),('2024-06-03 15:41:48',25.5),('2024-06-03 15:41:51',25.5),('2024-06-03 15:41:53',25.5),('2024-06-03 15:41:55',25.5),('2024-06-03 15:41:57',25.5),('2024-06-03 15:41:59',25.5),('2024-06-03 15:42:00',25.5),('2024-06-03 15:42:02',25.5),('2024-06-03 15:42:04',25.5),('2024-06-03 15:42:06',25.5),('2024-06-03 15:42:08',25.5),('2024-06-03 15:42:10',25.437),('2024-06-03 15:42:11',25.5),('2024-06-03 15:42:13',25.437),('2024-06-03 15:42:15',25.437),('2024-06-03 15:42:17',25.5),('2024-06-03 15:42:19',25.437),('2024-06-03 15:42:21',25.437),('2024-06-03 15:42:22',25.437),('2024-06-03 15:42:28',25.437),('2024-06-03 15:42:30',25.437),('2024-06-03 15:42:32',25.437),('2024-06-03 15:42:33',25.437),('2024-06-03 15:42:35',25.437),('2024-06-03 15:42:37',25.437),('2024-06-03 15:42:39',25.437),('2024-06-03 15:42:41',25.437),('2024-06-03 15:42:43',25.5),('2024-06-03 15:42:44',25.437),('2024-06-03 15:42:46',25.437),('2024-06-03 15:42:48',25.375),('2024-06-03 15:42:50',25.437),('2024-06-03 15:42:52',25.437),('2024-06-03 15:42:53',25.375),('2024-06-03 15:42:55',25.375),('2024-06-03 15:42:57',25.375),('2024-06-03 15:42:59',25.375),('2024-06-03 15:43:01',25.375),('2024-06-03 15:43:03',25.375),('2024-06-03 15:43:04',25.375),('2024-06-03 15:43:06',25.375),('2024-06-03 15:43:08',25.375),('2024-06-03 15:43:10',25.375),('2024-06-03 15:43:12',25.375),('2024-06-03 15:43:14',25.375),('2024-06-03 15:43:15',25.375),('2024-06-03 15:43:17',25.375),('2024-06-03 15:43:19',25.375),('2024-06-03 15:43:21',25.375),('2024-06-03 15:43:23',25.375),('2024-06-03 15:43:25',25.375),('2024-06-03 15:43:26',25.375),('2024-06-03 15:43:28',25.312),('2024-06-03 15:43:30',25.375),('2024-06-03 15:43:32',25.312),('2024-06-03 15:43:34',25.312),('2024-06-03 15:43:35',25.312),('2024-06-03 15:43:37',25.375),('2024-06-03 15:43:39',25.312),('2024-06-03 15:43:41',25.375),('2024-06-03 15:43:43',25.312),('2024-06-03 15:43:45',25.312),('2024-06-03 15:43:46',25.312),('2024-06-03 15:43:48',25.312),('2024-06-03 15:43:50',25.312),('2024-06-03 15:43:52',25.312),('2024-06-03 15:43:54',25.312),('2024-06-03 15:43:56',25.312),('2024-06-03 15:43:57',25.312),('2024-06-03 15:43:59',25.312),('2024-06-03 15:44:01',25.312),('2024-06-03 15:44:03',25.312),('2024-06-03 15:44:05',25.312),('2024-06-03 15:44:07',25.312),('2024-06-03 15:44:08',25.25),('2024-06-03 15:44:10',25.25),('2024-06-03 15:44:12',25.25),('2024-06-03 15:44:14',25.25),('2024-06-03 15:44:16',25.25),('2024-06-03 15:44:18',25.25),('2024-06-03 15:44:19',25.25),('2024-06-03 15:44:21',25.25),('2024-06-03 15:44:23',25.25),('2024-06-03 15:44:25',25.25),('2024-06-03 15:44:27',25.25),('2024-06-03 15:44:28',25.25),('2024-06-03 15:44:30',25.25),('2024-06-03 15:44:32',25.25),('2024-06-03 15:44:34',25.25),('2024-06-03 15:44:36',25.25),('2024-06-03 15:44:38',25.25),('2024-06-03 15:44:39',25.25),('2024-06-03 15:44:41',25.25),('2024-06-03 15:44:43',25.25),('2024-06-03 15:44:45',25.25),('2024-06-03 15:44:47',25.25),('2024-06-03 15:44:49',25.187),('2024-06-03 15:44:50',25.187),('2024-06-03 15:44:52',25.25),('2024-06-03 15:44:54',25.187),('2024-06-03 15:44:56',25.187),('2024-06-03 15:44:58',25.187),('2024-06-03 15:44:59',25.187),('2024-06-03 15:45:01',25.187),('2024-06-03 15:45:03',25.187),('2024-06-03 15:45:05',25.187),('2024-06-03 15:45:07',25.187),('2024-06-03 15:45:09',25.187),('2024-06-03 15:45:10',25.187),('2024-06-03 15:45:12',25.187),('2024-06-03 15:45:14',25.187),('2024-06-03 15:45:16',25.187),('2024-06-03 15:45:18',25.187),('2024-06-03 15:45:20',25.187),('2024-06-03 15:45:21',25.187),('2024-06-03 15:45:23',25.125),('2024-06-03 15:45:25',25.187),('2024-06-03 15:45:27',25.125),('2024-06-03 15:45:29',25.187),('2024-06-03 15:45:30',25.187),('2024-06-03 15:45:32',25.187),('2024-06-03 15:45:34',25.125),('2024-06-03 15:45:36',25.125),('2024-06-03 15:45:38',25.125),('2024-06-03 15:45:40',25.062),('2024-06-03 15:45:41',25.187),('2024-06-03 15:45:43',25.125),('2024-06-03 15:45:45',25.125),('2024-06-03 15:45:47',25.125),('2024-06-03 15:45:49',25.125),('2024-06-03 15:45:51',25.125),('2024-06-03 15:45:52',25.062),('2024-06-03 15:45:54',25.125),('2024-06-03 15:45:56',25.125),('2024-06-03 15:45:58',25.125),('2024-06-03 15:46:00',25.125),('2024-06-03 15:46:01',25.125),('2024-06-03 15:46:03',25.125),('2024-06-03 15:46:05',25.062),('2024-06-03 15:46:07',25.125),('2024-06-03 15:46:09',25.125),('2024-06-03 15:46:11',25.062),('2024-06-03 15:46:12',25.125),('2024-06-03 15:46:14',25.062),('2024-06-03 15:46:16',25.125),('2024-06-03 15:46:18',25.062),('2024-06-03 15:46:20',25.062),('2024-06-03 15:46:22',25.062),('2024-06-03 15:46:23',25.062),('2024-06-03 15:46:25',25.062),('2024-06-03 15:46:27',25.062),('2024-06-03 15:46:29',25.062),('2024-06-03 15:46:31',25.062),('2024-06-03 15:46:33',25.062),('2024-06-03 15:46:34',25.125),('2024-06-03 15:46:36',25.125),('2024-06-03 15:46:38',25.062),('2024-06-03 15:46:40',25.062),('2024-06-03 15:46:44',25.062),('2024-06-03 15:46:46',25.062),('2024-06-03 15:46:48',25.125),('2024-06-03 15:46:50',25.062),('2024-06-03 15:46:52',25.062),('2024-06-03 15:46:53',25.062),('2024-06-03 15:46:55',25.062),('2024-06-03 15:46:57',25.062),('2024-06-03 15:46:59',25.187),('2024-06-03 15:47:01',25.062),('2024-06-03 15:47:03',25.062),('2024-06-03 15:47:04',25.125),('2024-06-03 15:47:06',25.062),('2024-06-03 15:47:08',25.062),('2024-06-03 15:47:10',25.125),('2024-06-03 15:47:12',25.062),('2024-06-03 15:47:14',25.062),('2024-06-03 15:47:15',25.062),('2024-06-03 15:47:17',25.125),('2024-06-03 15:47:19',25.062),('2024-06-03 15:47:21',25.125),('2024-06-03 15:47:23',25.062),('2024-06-03 15:47:25',25.125),('2024-06-03 15:47:26',25.125),('2024-06-03 15:47:28',25.062),('2024-06-03 15:47:30',25.125),('2024-06-03 15:47:32',25.125),('2024-06-03 15:47:34',25.125),('2024-06-03 15:47:35',25.062),('2024-06-03 15:47:37',25.125),('2024-06-03 15:47:39',25.062),('2024-06-03 15:47:41',25.062),('2024-06-03 15:47:43',25.125),('2024-06-03 15:47:45',25.062),('2024-06-03 15:47:46',25.062),('2024-06-03 15:47:48',25.062),('2024-06-03 15:47:50',25.062),('2024-06-03 15:47:52',25.062),('2024-06-03 15:47:54',25.062),('2024-06-03 15:47:56',25.062),('2024-06-03 15:47:57',25),('2024-06-03 15:47:59',25.062),('2024-06-03 15:48:01',25.125),('2024-06-03 15:48:03',25.062),('2024-06-03 15:48:05',25.062),('2024-06-03 15:48:06',25.062),('2024-06-03 15:48:08',25),('2024-06-03 15:48:10',25.062),('2024-06-03 15:48:12',25.062),('2024-06-03 15:48:14',25.062),('2024-06-03 15:48:16',25.062),('2024-06-03 15:48:17',25.125),('2024-06-03 15:48:19',25.062),('2024-06-03 15:48:21',25.062),('2024-06-03 15:48:23',25.062),('2024-06-03 15:48:25',25.062),('2024-06-03 15:48:27',25.062),('2024-06-03 15:48:28',25.062),('2024-06-03 15:48:30',25),('2024-06-03 15:48:32',25.062),('2024-06-03 15:48:34',25),('2024-06-03 15:48:36',25),('2024-06-03 15:48:37',25),('2024-06-03 15:48:39',25.062),('2024-06-03 15:48:41',25.062),('2024-06-03 15:48:43',25.062),('2024-06-03 15:48:45',25.062),('2024-06-03 15:48:47',25),('2024-06-03 15:48:48',25),('2024-06-03 15:48:50',25),('2024-06-03 15:48:52',25),('2024-06-03 15:48:54',25),('2024-06-03 15:48:56',25),('2024-06-03 15:48:58',25),('2024-06-03 15:48:59',25),('2024-06-03 15:49:01',25),('2024-06-03 15:49:03',25),('2024-06-03 15:49:05',25),('2024-06-03 15:49:07',25.062),('2024-06-03 15:49:08',26.187),('2024-06-03 15:49:10',27.437),('2024-06-03 15:49:12',28.312),('2024-06-03 15:49:14',29.062),('2024-06-03 15:49:16',29.625),('2024-06-03 15:49:18',30.125),('2024-06-03 15:49:19',30.375),('2024-06-03 15:49:21',30.437),('2024-06-03 15:49:23',30.437),('2024-06-03 15:49:25',30.437),('2024-06-03 15:49:27',30.437),('2024-06-03 15:49:29',30.375),('2024-06-03 15:49:30',30.312),('2024-06-03 15:49:32',30.25),('2024-06-03 15:49:34',30.187),('2024-06-03 15:49:36',30.125),('2024-06-03 15:49:38',30.125),('2024-06-03 15:49:39',30.062),('2024-06-03 15:49:41',30),('2024-06-03 15:49:43',30),('2024-06-03 15:49:45',29.937),('2024-06-03 15:49:47',29.875),('2024-06-03 15:49:49',29.875),('2024-06-03 15:49:50',29.687),('2024-06-03 15:49:52',29.687),('2024-06-03 15:49:54',29.625),('2024-06-03 15:49:56',29.625),('2024-06-03 15:49:58',29.5),('2024-06-03 15:50:00',29.437),('2024-06-03 15:50:01',29.437),('2024-06-03 15:50:03',29.375),('2024-06-03 15:50:05',29.312),('2024-06-03 15:50:07',29.25),('2024-06-03 15:50:09',29.187),('2024-06-03 15:50:10',29.125),('2024-06-03 15:50:12',29.125),('2024-06-03 15:50:14',29.062),('2024-06-03 15:50:16',29),('2024-06-03 15:50:18',29),('2024-06-03 15:50:20',28.937),('2024-06-03 15:50:21',28.937),('2024-06-03 15:50:23',28.875),('2024-06-03 15:50:25',28.812),('2024-06-03 15:50:27',28.812),('2024-06-03 15:50:29',28.687),('2024-06-03 15:50:31',28.625),('2024-06-03 15:50:32',28.625),('2024-06-03 15:50:34',28.562),('2024-06-03 15:50:36',28.562),('2024-06-03 15:50:38',28.5),('2024-06-03 15:50:40',28.5),('2024-06-03 15:50:41',28.5),('2024-06-03 15:50:43',28.437),('2024-06-03 15:50:45',28.375),('2024-06-03 15:50:47',28.312),('2024-06-03 15:50:49',28.375),('2024-06-03 15:50:51',28.25),('2024-06-03 15:50:52',28.187),('2024-06-03 15:50:54',28.187),('2024-06-03 15:50:56',28.062),('2024-06-03 15:50:58',28.062),('2024-06-03 15:51:00',28.062),('2024-06-03 15:51:02',28),('2024-06-03 15:51:03',27.937),('2024-06-03 15:51:05',27.937),('2024-06-03 15:51:07',27.875),('2024-06-03 15:51:09',27.875),('2024-06-03 15:51:11',27.937),('2024-06-03 15:51:13',27.812),('2024-06-03 15:51:14',27.75),('2024-06-03 15:51:16',27.75),('2024-06-03 15:51:18',27.687),('2024-06-03 15:51:20',27.625),('2024-06-03 15:51:22',27.625),('2024-06-03 15:51:23',27.625),('2024-06-03 15:51:25',27.562),('2024-06-03 15:51:27',27.5),('2024-06-03 15:51:29',27.5),('2024-06-03 15:51:31',27.5),('2024-06-03 15:51:33',27.437),('2024-06-03 15:51:34',27.375),('2024-06-03 15:51:36',27.375),('2024-06-03 15:51:38',27.375),('2024-06-03 15:51:40',27.375),('2024-06-03 15:51:42',27.312),('2024-06-03 15:51:44',27.25),('2024-06-03 15:51:45',27.25),('2024-06-03 15:51:47',27.187),('2024-06-03 15:51:49',27.125),('2024-06-03 15:51:51',27.125),('2024-06-03 15:51:53',27.125),('2024-06-03 15:51:54',27.125),('2024-06-03 15:51:56',27.062),('2024-06-03 15:51:58',27.062),('2024-06-03 15:52:00',27),('2024-06-03 15:52:02',27),('2024-06-03 15:52:04',27.062),('2024-06-03 15:52:05',26.937),('2024-06-03 15:52:07',26.937),('2024-06-03 15:52:09',26.875),('2024-06-03 15:52:11',26.875),('2024-06-03 15:52:13',26.875),('2024-06-03 15:52:15',26.812),('2024-06-03 15:52:16',26.812),('2024-06-03 15:52:18',26.75),('2024-06-03 15:52:20',26.75),('2024-06-03 15:52:22',26.75),('2024-06-03 15:52:24',26.75),('2024-06-03 15:52:26',26.687),('2024-06-03 15:52:27',26.687),('2024-06-03 15:52:29',26.625),('2024-06-03 15:52:31',26.625),('2024-06-03 15:52:33',26.625),('2024-06-03 15:52:35',26.625),('2024-06-03 15:52:36',26.625),('2024-06-03 15:52:38',26.562),('2024-06-03 15:52:40',26.562),('2024-06-03 15:52:42',26.562),('2024-06-03 15:52:44',26.5),('2024-06-03 15:52:46',26.562),('2024-06-03 15:52:47',26.5),('2024-06-03 15:52:49',26.437),('2024-06-03 15:52:51',26.437),('2024-06-03 15:52:53',26.437),('2024-06-03 15:52:55',26.437),('2024-06-03 15:52:57',26.437),('2024-06-03 15:52:58',26.375),('2024-06-03 15:53:00',26.375),('2024-06-03 15:53:02',26.375),('2024-06-03 15:53:04',26.312),('2024-06-03 15:53:06',26.312),('2024-06-03 15:53:07',26.312),('2024-06-03 15:53:09',26.312),('2024-06-03 15:53:11',26.312),('2024-06-03 15:53:13',26.25),('2024-06-03 15:53:15',26.25),('2024-06-03 15:53:17',26.25),('2024-06-03 15:53:18',26.25),('2024-06-03 15:53:20',26.25),('2024-06-03 15:53:22',26.25),('2024-06-03 15:53:24',26.312),('2024-06-03 15:53:26',26.187),('2024-06-03 15:53:28',26.187),('2024-06-03 15:53:29',26.125),('2024-06-03 15:53:31',26.187),('2024-06-03 15:53:33',26.187),('2024-06-03 15:53:35',26.125),('2024-06-03 15:53:37',26.125),('2024-06-03 15:53:38',26.125),('2024-06-03 15:53:40',26.125),('2024-06-03 15:53:42',26.062),('2024-06-03 15:53:44',26.062),('2024-06-03 15:53:46',26.062),('2024-06-03 15:53:48',26.062),('2024-06-03 15:53:49',26.062),('2024-06-03 15:53:51',26),('2024-06-03 15:53:53',26),('2024-06-03 15:53:55',26),('2024-06-03 15:53:57',26),('2024-06-03 15:53:59',26.062),('2024-06-03 15:54:00',26),('2024-06-03 15:54:02',25.937),('2024-06-03 15:54:04',25.937),('2024-06-03 15:54:06',25.937),('2024-06-03 15:54:08',25.937),('2024-06-03 15:54:10',25.937),('2024-06-03 15:54:11',25.937),('2024-06-03 15:54:13',25.875),('2024-06-03 15:54:15',25.937),('2024-06-03 15:54:17',25.875),('2024-06-03 15:54:19',25.937),('2024-06-03 15:54:20',26),('2024-06-03 15:54:22',25.812),('2024-06-03 15:54:24',25.875),('2024-06-03 15:54:26',25.875),('2024-06-03 15:54:28',25.875),('2024-06-03 15:54:30',25.875),('2024-06-03 15:54:31',25.875),('2024-06-03 15:54:33',25.812),('2024-06-03 15:54:35',25.812),('2024-06-03 15:54:37',25.812),('2024-06-03 15:54:39',25.875),('2024-06-03 15:54:41',25.812),('2024-06-03 15:54:42',25.75),('2024-06-03 15:54:44',25.75),('2024-06-03 15:54:46',25.75),('2024-06-03 15:54:48',25.75),('2024-06-03 15:54:50',25.75),('2024-06-03 15:54:51',25.75),('2024-06-03 15:54:53',25.75),('2024-06-03 15:54:55',25.687),('2024-06-03 15:54:57',25.687),('2024-06-03 15:54:59',25.687),('2024-06-03 15:55:01',25.687),('2024-06-03 15:55:02',25.687),('2024-06-03 15:55:04',25.687),('2024-06-03 15:55:06',25.687),('2024-06-03 15:55:08',25.687),('2024-06-03 15:55:10',25.687),('2024-06-03 15:55:12',25.625),('2024-06-03 15:55:13',25.625),('2024-06-03 15:55:15',25.625),('2024-06-03 15:55:17',25.625),('2024-06-03 15:55:19',25.625),('2024-06-03 15:55:21',25.625),('2024-06-03 15:55:23',25.562),('2024-06-03 15:55:24',25.562),('2024-06-03 15:55:26',25.562),('2024-06-03 15:55:28',25.562),('2024-06-03 15:55:30',25.562),('2024-06-03 15:55:32',25.562),('2024-06-03 15:55:33',25.562),('2024-06-03 15:55:35',25.562),('2024-06-03 15:55:37',25.625),('2024-06-03 15:55:39',25.562),('2024-06-03 15:55:41',25.5),('2024-06-03 15:55:43',25.5),('2024-06-03 15:55:44',25.562),('2024-06-03 15:55:46',25.5),('2024-06-03 15:55:48',25.5),('2024-06-03 15:55:50',25.562),('2024-06-03 15:55:52',25.5),('2024-06-03 15:55:54',25.5),('2024-06-03 15:55:55',25.5),('2024-06-03 15:55:57',25.5),('2024-06-03 15:55:59',25.437),('2024-06-03 15:56:01',25.5),('2024-06-03 15:56:03',25.437),('2024-06-03 15:56:04',25.437),('2024-06-03 15:56:06',25.437),('2024-06-03 15:56:08',25.437),('2024-06-03 15:56:10',25.437),('2024-06-03 15:56:12',25.5),('2024-06-03 15:56:14',25.5),('2024-06-03 15:56:15',25.437),('2024-06-03 15:56:17',25.437),('2024-06-03 15:56:19',25.375),('2024-06-03 15:56:21',25.375),('2024-06-03 15:56:23',25.375),('2024-06-03 15:56:25',25.375),('2024-06-03 15:56:26',25.375),('2024-06-03 15:56:28',25.375),('2024-06-03 15:56:30',25.375),('2024-06-03 15:56:32',25.375),('2024-06-03 15:56:34',25.375),('2024-06-03 15:56:35',25.375),('2024-06-03 15:56:37',25.375),('2024-06-03 15:56:39',25.312),('2024-06-03 15:56:41',25.375),('2024-06-03 15:56:43',25.375),('2024-06-03 15:56:45',25.375),('2024-06-03 15:56:46',25.25),('2024-06-03 15:56:48',25.312),('2024-06-03 15:56:50',25.312),('2024-06-03 15:56:52',25.312),('2024-06-03 15:56:54',25.312),('2024-06-03 15:56:56',25.312),('2024-06-03 15:56:57',25.312),('2024-06-03 15:56:59',25.312),('2024-06-03 15:57:01',25.312),('2024-06-03 15:57:03',25.312),('2024-06-03 15:57:05',25.312),('2024-06-03 15:57:06',25.312),('2024-06-03 15:57:08',25.312),('2024-06-03 15:57:10',25.25),('2024-06-03 15:57:12',25.25),('2024-06-03 15:57:14',25.312),('2024-06-03 15:57:16',25.312),('2024-06-03 15:57:17',25.25),('2024-06-03 15:57:19',25.312),('2024-06-03 15:57:21',25.25),('2024-06-03 15:57:23',25.25),('2024-06-03 15:57:25',25.25),('2024-06-03 15:57:27',25.25),('2024-06-03 15:57:28',25.25),('2024-06-03 15:57:30',25.25),('2024-06-03 15:57:32',25.25),('2024-06-03 15:57:34',25.25),('2024-06-03 15:57:36',25.25),('2024-06-03 15:57:38',25.25),('2024-06-03 15:57:39',25.187),('2024-06-03 15:57:41',25.25),('2024-06-03 15:57:43',25.25),('2024-06-03 15:57:45',25.25),('2024-06-03 15:57:47',25.25),('2024-06-03 15:57:48',25.312),('2024-06-03 15:57:50',25.25),('2024-06-03 15:57:52',25.25),('2024-06-03 15:57:54',25.25),('2024-06-03 15:57:56',25.25),('2024-06-03 15:57:58',25.25),('2024-06-03 15:57:59',25.187),('2024-06-03 15:58:01',25.25),('2024-06-03 15:58:03',25.187),('2024-06-03 15:58:05',25.187),('2024-06-03 15:58:07',25.25),('2024-06-03 15:58:09',25.25),('2024-06-03 15:58:10',25.25),('2024-06-03 15:58:12',25.187),('2024-06-03 15:58:14',25.25),('2024-06-03 15:58:16',25.187),('2024-06-03 15:58:18',25.187),('2024-06-03 15:58:19',25.25),('2024-06-03 15:58:21',25.187),('2024-06-03 15:58:23',25.187),('2024-06-03 15:58:25',25.187),('2024-06-03 15:58:27',25.187),('2024-06-03 15:58:29',25.25),('2024-06-03 15:58:30',25.25),('2024-06-03 15:58:32',25.187),('2024-06-03 15:58:34',25.187),('2024-06-03 15:58:36',25.187),('2024-06-03 15:58:38',25.187),('2024-06-03 15:58:40',25.187),('2024-06-03 15:58:41',25.187),('2024-06-03 15:58:43',25.187),('2024-06-03 15:58:45',25.187),('2024-06-03 15:58:47',25.187),('2024-06-03 15:58:49',25.187),('2024-06-03 15:58:50',25.125),('2024-06-03 15:58:52',25.187),('2024-06-03 15:58:54',25.125),('2024-06-03 15:58:56',25.125),('2024-06-03 15:58:58',25.125),('2024-06-03 15:59:00',25.125),('2024-06-03 15:59:01',25.125),('2024-06-03 15:59:03',25.125),('2024-06-03 15:59:05',25.125),('2024-06-03 15:59:07',25.125),('2024-06-03 15:59:09',25.187),('2024-06-03 15:59:11',25.125),('2024-06-03 15:59:12',25.25),('2024-06-03 15:59:14',25.125),('2024-06-03 15:59:16',25.187),('2024-06-03 15:59:18',25.125),('2024-06-03 15:59:20',25.125),('2024-06-03 15:59:22',25.125),('2024-06-03 15:59:23',25.125),('2024-06-03 15:59:25',25.062),('2024-06-03 15:59:27',25.125),('2024-06-03 15:59:29',25.125),('2024-06-03 15:59:31',25.125),('2024-06-03 15:59:32',25.187),('2024-06-03 15:59:34',25.125),('2024-06-03 15:59:36',25.125),('2024-06-03 15:59:38',25.125),('2024-06-03 15:59:40',25.062),('2024-06-03 15:59:42',25.125),('2024-06-03 15:59:43',25.062),('2024-06-03 15:59:45',25.062),('2024-06-03 15:59:47',25.062),('2024-06-03 15:59:49',25.125),('2024-06-03 15:59:51',25.125),('2024-06-03 15:59:53',25.062),('2024-06-03 15:59:54',25.062),('2024-06-03 15:59:56',25.187),('2024-06-03 15:59:58',25.062),('2024-06-03 16:00:00',25.062),('2024-06-03 16:00:02',25.125),('2024-06-03 16:00:03',25.062),('2024-06-03 16:00:05',25.062),('2024-06-03 16:00:07',25.062),('2024-06-03 16:00:09',25.062),('2024-06-03 16:00:11',25.062),('2024-06-03 16:00:13',25.062),('2024-06-03 16:00:14',25.062),('2024-06-03 16:00:16',25.125),('2024-06-03 16:00:18',25.062),('2024-06-03 16:00:20',25.062),('2024-06-03 16:00:22',25.125),('2024-06-03 16:00:24',25.062),('2024-06-03 16:00:25',25.062),('2024-06-03 16:00:27',25.062),('2024-06-03 16:00:29',25.062),('2024-06-03 16:00:31',25.062),('2024-06-03 16:00:33',25.062),('2024-06-03 16:00:35',25.062),('2024-06-03 16:00:36',25.062),('2024-06-03 16:00:38',25.062),('2024-06-03 16:00:40',25.062),('2024-06-03 16:00:42',25.062),('2024-06-03 16:00:44',25.062),('2024-06-03 16:00:45',25.062),('2024-06-03 16:00:47',25.062),('2024-06-03 16:00:49',25.125),('2024-06-03 16:00:51',25.062),('2024-06-03 16:00:53',25.062),('2024-06-03 16:00:55',25.062),('2024-06-03 16:00:56',25.062),('2024-06-03 16:00:58',25.062),('2024-06-03 16:01:00',25.062),('2024-06-03 16:01:02',25.062),('2024-06-03 16:01:04',25.062),('2024-06-03 16:01:06',25.062),('2024-06-03 16:01:07',25.125),('2024-06-03 16:01:09',25.062),('2024-06-03 16:01:11',25.062),('2024-06-03 16:01:13',25.062),('2024-06-03 16:01:15',25.062),('2024-06-03 16:01:16',25.062),('2024-06-03 16:01:18',25.062),('2024-06-03 16:01:20',25),('2024-06-03 16:01:22',25.062),('2024-06-03 16:01:24',25.062),('2024-06-03 16:01:26',25.062),('2024-06-03 16:01:27',25.062),('2024-06-03 16:01:29',25),('2024-06-03 16:01:31',25.062),('2024-06-03 16:01:33',25.062),('2024-06-03 16:01:35',25.062),('2024-06-03 16:01:37',25.062),('2024-06-03 16:01:38',25),('2024-06-03 16:01:40',25.062),('2024-06-03 16:01:42',25.125),('2024-06-03 16:01:44',25),('2024-06-03 16:01:46',25),('2024-06-03 16:01:47',25),('2024-06-03 16:01:49',25),('2024-06-03 16:01:51',25),('2024-06-03 16:01:53',25),('2024-06-03 16:01:55',25),('2024-06-03 16:01:57',25),('2024-06-03 16:01:58',25),('2024-06-03 16:02:00',25),('2024-06-03 16:02:02',25),('2024-06-03 16:02:04',25),('2024-06-03 16:02:06',25),('2024-06-03 16:02:08',25),('2024-06-03 16:02:09',25),('2024-06-03 16:02:11',25),('2024-06-03 16:02:13',25),('2024-06-03 16:02:15',25),('2024-06-03 16:02:17',25),('2024-06-03 16:02:18',25),('2024-06-03 16:02:20',25),('2024-06-03 16:02:22',25),('2024-06-03 16:02:24',25),('2024-06-03 16:02:26',24.937),('2024-06-03 16:02:28',25),('2024-06-03 16:02:29',25),('2024-06-03 16:02:31',25),('2024-06-03 16:02:33',25),('2024-06-03 16:02:35',25),('2024-06-03 16:02:37',25),('2024-06-03 16:02:39',25),('2024-06-03 16:02:40',25),('2024-06-03 16:02:42',25),('2024-06-03 16:02:44',25),('2024-06-03 16:02:46',25),('2024-06-03 16:02:48',25),('2024-06-03 16:02:50',25),('2024-06-03 16:02:51',25),('2024-06-03 16:02:53',25),('2024-06-03 16:02:55',25),('2024-06-03 16:02:57',25),('2024-06-03 16:02:59',25),('2024-06-03 16:03:00',25),('2024-06-03 16:03:02',24.937),('2024-06-03 16:03:04',25),('2024-06-03 16:03:06',25),('2024-06-03 16:03:08',25),('2024-06-03 16:03:10',25),('2024-06-03 16:03:11',25),('2024-06-03 16:03:13',25),('2024-06-03 16:03:15',25),('2024-06-03 16:03:17',24.937),('2024-06-03 16:03:19',25),('2024-06-03 16:03:21',25),('2024-06-03 16:03:22',25),('2024-06-03 16:03:24',25.062),('2024-06-03 16:03:26',25),('2024-06-03 16:03:28',25),('2024-06-03 16:03:30',25),('2024-06-03 16:03:31',25),('2024-06-03 16:03:33',25),('2024-06-03 16:03:35',25),('2024-06-03 16:03:37',25),('2024-06-03 16:03:39',25),('2024-06-03 16:03:41',25),('2024-06-03 16:03:42',25),('2024-06-03 16:03:44',25),('2024-06-03 16:03:46',25),('2024-06-03 16:03:48',25),('2024-06-03 16:03:50',25),('2024-06-03 16:03:52',25),('2024-06-03 16:03:53',25),('2024-06-03 16:03:55',25),('2024-06-03 16:03:57',24.937),('2024-06-03 16:03:59',24.937),('2024-06-03 16:04:01',24.937),('2024-06-03 16:04:02',24.937),('2024-06-03 16:04:04',24.875),('2024-06-03 16:04:06',24.937),('2024-06-03 16:04:08',24.937),('2024-06-03 16:04:10',24.937),('2024-06-03 16:04:12',24.937),('2024-06-03 16:04:13',24.937),('2024-06-03 16:04:15',24.937),('2024-06-03 16:04:17',24.937),('2024-06-03 16:04:19',24.937),('2024-06-03 16:04:21',24.937),('2024-06-03 16:04:23',25),('2024-06-03 16:04:24',24.937),('2024-06-03 16:04:26',24.875),('2024-06-03 16:04:28',24.937),('2024-06-03 16:04:30',24.937),('2024-06-03 16:04:32',25),('2024-06-03 16:04:34',24.937),('2024-06-03 16:04:35',24.937),('2024-06-03 16:04:37',24.875),('2024-06-03 16:04:39',24.875),('2024-06-03 16:04:41',24.875),('2024-06-03 16:04:43',24.875),('2024-06-03 16:04:44',24.875),('2024-06-03 16:04:46',24.875),('2024-06-03 16:04:48',24.875),('2024-06-03 16:04:50',24.875),('2024-06-03 16:04:52',24.875),('2024-06-03 16:04:54',24.937),('2024-06-03 16:04:55',24.875),('2024-06-03 16:04:57',24.875),('2024-06-03 16:04:59',24.875),('2024-06-03 16:05:01',24.875),('2024-06-03 16:05:03',24.812),('2024-06-03 16:05:05',24.875),('2024-06-03 16:05:06',24.875),('2024-06-03 16:05:08',24.812),('2024-06-03 16:05:10',24.875),('2024-06-03 16:05:12',24.875),('2024-06-03 16:05:14',24.875),('2024-06-03 16:05:15',24.875),('2024-06-03 16:05:17',24.875),('2024-06-03 16:05:19',24.875),('2024-06-03 16:05:21',24.875),('2024-06-03 16:05:23',24.875),('2024-06-03 16:05:25',24.875),('2024-06-03 16:05:26',24.875),('2024-06-03 16:05:28',24.875),('2024-06-03 16:05:30',24.875),('2024-06-03 16:05:32',24.875),('2024-06-03 16:05:34',24.875),('2024-06-03 16:05:36',24.875),('2024-06-03 16:05:37',24.875),('2024-06-03 16:05:39',24.875),('2024-06-03 16:05:41',24.875),('2024-06-03 16:05:43',24.875),('2024-06-03 16:05:45',24.875),('2024-06-03 16:05:46',24.875),('2024-06-03 16:05:48',24.875),('2024-06-03 16:05:50',24.875),('2024-06-03 16:05:52',24.875),('2024-06-03 16:05:54',24.875),('2024-06-03 16:05:56',24.875),('2024-06-03 16:05:57',24.875),('2024-06-03 16:05:59',24.937),('2024-06-03 16:06:01',24.875),('2024-06-03 16:06:03',24.875),('2024-06-03 16:06:05',24.875),('2024-06-03 16:06:07',24.875),('2024-06-03 16:06:08',24.875),('2024-06-03 16:06:10',24.875),('2024-06-03 16:06:12',25),('2024-06-03 16:06:14',24.875),('2024-06-03 16:06:16',24.875),('2024-06-03 16:06:17',24.875),('2024-06-03 16:06:19',24.875),('2024-06-03 16:06:21',24.875),('2024-06-03 16:06:23',24.875),('2024-06-03 16:06:25',24.937),('2024-06-03 16:06:27',24.875),('2024-06-03 16:06:28',24.875),('2024-06-03 16:06:30',24.875),('2024-06-03 16:06:32',24.875),('2024-06-03 16:06:34',24.937),('2024-06-03 16:06:36',24.875),('2024-06-03 16:06:38',24.875),('2024-06-03 16:06:39',24.875),('2024-06-03 16:06:41',24.875),('2024-06-03 16:06:43',24.875),('2024-06-03 16:06:45',24.875),('2024-06-03 16:06:47',24.875),('2024-06-03 16:06:48',24.875),('2024-06-03 16:06:50',24.875),('2024-06-03 16:06:52',24.875),('2024-06-03 16:06:54',24.875),('2024-06-03 16:06:56',24.875),('2024-06-03 16:06:58',24.875),('2024-06-03 16:06:59',24.875),('2024-06-03 16:07:01',24.875),('2024-06-03 16:07:03',24.812),('2024-06-03 16:07:05',24.875),('2024-06-03 16:07:07',24.812),('2024-06-03 16:07:09',24.875),('2024-06-03 16:07:10',24.875),('2024-06-03 16:07:12',24.812),('2024-06-03 16:07:14',24.875),('2024-06-03 16:07:16',24.812),('2024-06-03 16:07:18',24.875),('2024-06-03 16:07:19',24.937),('2024-06-03 16:07:21',24.812),('2024-06-03 16:07:23',24.875),('2024-06-03 16:07:25',24.812),('2024-06-03 16:07:27',24.875),('2024-06-03 16:07:29',24.812),('2024-06-03 16:07:30',24.875),('2024-06-03 16:07:32',24.875),('2024-06-03 16:07:34',24.875),('2024-06-03 16:07:36',24.812),('2024-06-03 16:07:38',24.875),('2024-06-03 16:07:40',24.875),('2024-06-03 16:07:41',24.812),('2024-06-03 16:07:43',24.875),('2024-06-03 16:07:45',24.875),('2024-06-03 16:07:47',24.875),('2024-06-03 16:07:49',24.937),('2024-06-03 16:07:50',24.875),('2024-06-03 16:07:52',24.875),('2024-06-03 16:07:54',24.937),('2024-06-03 16:07:56',24.875),('2024-06-03 16:07:58',24.812),('2024-06-03 16:08:00',24.875),('2024-06-03 16:08:01',24.875),('2024-06-03 16:08:03',24.875),('2024-06-03 16:08:05',24.812),('2024-06-03 16:08:07',24.875),('2024-06-03 16:08:09',24.812),('2024-06-03 16:08:11',24.875),('2024-06-03 16:08:12',24.812),('2024-06-03 16:08:14',24.875),('2024-06-03 16:08:16',24.875),('2024-06-03 16:08:18',24.812),('2024-06-03 16:08:20',24.812),('2024-06-03 16:08:22',24.812),('2024-06-03 16:08:23',24.812),('2024-06-03 16:08:25',24.812),('2024-06-03 16:08:27',24.812),('2024-06-03 16:08:29',24.812),('2024-06-03 16:08:31',24.812),('2024-06-03 16:08:32',24.812),('2024-06-03 16:08:34',24.812),('2024-06-03 16:08:36',24.812),('2024-06-03 16:08:38',24.812),('2024-06-03 16:08:40',24.812),('2024-06-03 16:08:42',24.812),('2024-06-03 16:08:43',24.812),('2024-06-03 16:08:45',24.812),('2024-06-03 16:08:47',24.875),('2024-06-03 16:08:49',24.875),('2024-06-03 16:08:51',24.812),('2024-06-03 16:08:53',24.812),('2024-06-03 16:08:54',24.812),('2024-06-03 16:08:56',24.812),('2024-06-03 16:08:58',24.812),('2024-06-03 16:09:00',24.812),('2024-06-03 16:09:02',24.875),('2024-06-03 16:09:04',24.812),('2024-06-03 16:09:05',24.812),('2024-06-03 16:09:07',24.812),('2024-06-03 16:09:09',24.812),('2024-06-03 16:09:11',24.875),('2024-06-03 16:09:13',24.812),('2024-06-03 16:09:14',24.875),('2024-06-03 16:09:16',24.875),('2024-06-03 16:09:18',24.875),('2024-06-03 16:09:20',24.812),('2024-06-03 16:09:22',24.812),('2024-06-03 16:09:24',24.812),('2024-06-03 16:09:25',24.937),('2024-06-03 16:09:27',24.875),('2024-06-03 16:09:29',24.875),('2024-06-03 16:09:31',24.875),('2024-06-03 16:09:33',24.812),('2024-06-03 16:09:35',24.75),('2024-06-03 16:09:36',24.812),('2024-06-03 16:09:38',24.812),('2024-06-03 16:09:40',24.75),('2024-06-03 16:09:42',24.812),('2024-06-03 16:09:44',24.812),('2024-06-03 16:09:45',24.812),('2024-06-03 16:09:47',24.812),('2024-06-03 16:09:49',24.812),('2024-06-03 16:09:51',24.812),('2024-06-03 16:09:53',24.812),('2024-06-03 16:09:55',24.812),('2024-06-03 16:09:56',24.875),('2024-06-03 16:09:58',24.75),('2024-06-03 16:10:00',24.75),('2024-06-03 16:10:02',24.75),('2024-06-03 16:10:04',24.812),('2024-06-03 16:10:06',24.75),('2024-06-03 16:10:07',24.812),('2024-06-03 16:10:09',24.812),('2024-06-03 16:10:11',24.812),('2024-06-03 16:10:13',24.75),('2024-06-03 16:10:15',24.75),('2024-06-03 16:10:16',24.75),('2024-06-03 16:10:18',24.812),('2024-06-03 16:10:20',24.812),('2024-06-03 16:10:22',24.812),('2024-06-03 16:10:24',24.875),('2024-06-03 16:10:26',24.75),('2024-06-03 16:10:27',24.812),('2024-06-03 16:10:29',24.812),('2024-06-03 16:10:31',24.75),('2024-06-03 16:10:33',24.812),('2024-06-03 16:10:35',24.75),('2024-06-03 16:10:37',24.75),('2024-06-03 16:10:38',24.812),('2024-06-03 16:10:40',24.812),('2024-06-03 16:10:42',24.812),('2024-06-03 16:10:44',24.75),('2024-06-03 16:10:46',24.75),('2024-06-03 16:10:47',24.812),('2024-06-03 16:10:49',24.812),('2024-06-03 16:10:51',24.875),('2024-06-03 16:10:53',24.75),('2024-06-03 16:10:55',24.75),('2024-06-03 16:10:57',24.75),('2024-06-03 16:10:58',24.75),('2024-06-03 16:11:00',24.75),('2024-06-03 16:11:02',24.812),('2024-06-03 16:11:04',24.75),('2024-06-03 16:11:06',24.75),('2024-06-03 16:11:08',24.75),('2024-06-03 16:11:09',24.75),('2024-06-03 16:11:11',24.75),('2024-06-03 16:11:13',24.75),('2024-06-03 16:11:15',24.75),('2024-06-03 16:11:17',24.812),('2024-06-03 16:11:18',24.687),('2024-06-03 16:11:20',24.75),('2024-06-03 16:11:22',24.75),('2024-06-03 16:11:24',24.75),('2024-06-03 16:11:26',24.75),('2024-06-03 16:11:28',24.75),('2024-06-03 16:11:29',24.75),('2024-06-03 16:11:31',24.75),('2024-06-03 16:11:33',24.75),('2024-06-03 16:11:35',24.812),('2024-06-03 16:11:37',24.75),('2024-06-03 16:11:39',24.75),('2024-06-03 16:11:40',24.75),('2024-06-03 16:11:42',24.75),('2024-06-03 16:11:44',24.687),('2024-06-03 16:11:46',24.75),('2024-06-03 16:11:48',24.75),('2024-06-03 16:11:50',24.75),('2024-06-03 16:11:51',24.687),('2024-06-03 16:11:53',24.75),('2024-06-03 16:11:55',24.687),('2024-06-03 16:11:57',24.75),('2024-06-03 16:11:59',24.687),('2024-06-03 16:12:00',24.75),('2024-06-03 16:12:02',24.687),('2024-06-03 16:12:04',24.687),('2024-06-03 16:12:06',24.687),('2024-06-03 16:12:08',24.75),('2024-06-03 16:12:10',24.75),('2024-06-03 16:12:11',24.75),('2024-06-03 16:12:13',24.75),('2024-06-03 16:12:15',24.75),('2024-06-03 16:12:17',24.75),('2024-06-03 16:12:19',24.75),('2024-06-03 16:12:21',24.75),('2024-06-03 16:12:22',24.687),('2024-06-03 16:12:24',24.687),('2024-06-03 16:12:26',24.75),('2024-06-03 16:12:28',24.75),('2024-06-03 16:12:30',24.75),('2024-06-03 16:12:31',24.75),('2024-06-03 16:12:33',24.687),('2024-06-03 16:12:35',24.687),('2024-06-03 16:12:37',24.687),('2024-06-03 16:12:39',24.687),('2024-06-03 16:12:41',24.687),('2024-06-03 16:12:42',24.687),('2024-06-03 16:12:44',24.687),('2024-06-03 16:12:46',24.75),('2024-06-03 16:12:48',24.687),('2024-06-03 16:12:50',24.687),('2024-06-03 16:12:52',24.687),('2024-06-03 16:12:53',24.687),('2024-06-03 16:12:55',24.687),('2024-06-03 16:12:57',24.687),('2024-06-03 16:12:59',24.687),('2024-06-03 16:13:01',24.687),('2024-06-03 16:13:03',24.687),('2024-06-03 16:13:04',24.687),('2024-06-03 16:13:06',24.687),('2024-06-03 16:13:08',24.625),('2024-06-03 16:13:10',24.625),('2024-06-03 16:13:12',24.687),('2024-06-03 16:13:13',24.687),('2024-06-03 16:13:15',24.687),('2024-06-03 16:13:17',24.687),('2024-06-03 16:13:19',24.687),('2024-06-03 16:13:21',24.687),('2024-06-03 16:13:23',24.687),('2024-06-03 16:13:24',24.687),('2024-06-03 16:13:26',24.687),('2024-06-03 16:13:28',24.687),('2024-06-03 16:13:30',24.687),('2024-06-03 16:13:32',24.687),('2024-06-03 16:13:34',24.687),('2024-06-03 16:13:35',24.687),('2024-06-03 16:13:37',24.687),('2024-06-03 16:13:39',24.687),('2024-06-03 16:13:41',24.687),('2024-06-03 16:13:43',24.687),('2024-06-03 16:13:44',24.687),('2024-06-03 16:13:46',24.687),('2024-06-03 16:13:48',24.687),('2024-06-03 16:13:50',24.687),('2024-06-03 16:13:52',24.687),('2024-06-03 16:13:54',24.687),('2024-06-03 16:13:55',24.687),('2024-06-03 16:13:57',24.687),('2024-06-03 16:13:59',24.687),('2024-06-03 16:14:01',24.687),('2024-06-03 16:14:03',24.687),('2024-06-03 16:14:05',24.687),('2024-06-03 16:14:06',24.687),('2024-06-03 16:14:08',24.687),('2024-06-03 16:14:10',24.687),('2024-06-03 16:14:12',24.687),('2024-06-03 16:14:14',24.687),('2024-06-03 16:14:15',24.687),('2024-06-03 16:14:17',24.687),('2024-06-03 16:14:19',24.687),('2024-06-03 16:14:21',24.687),('2024-06-03 16:14:23',24.687),('2024-06-03 16:14:25',24.75),('2024-06-03 16:14:26',24.75),('2024-06-03 16:14:28',24.687),('2024-06-03 16:14:30',24.75),('2024-06-03 16:14:32',24.687),('2024-06-03 16:14:34',24.687),('2024-06-03 16:14:36',24.687),('2024-06-03 16:14:37',24.687),('2024-06-03 16:14:39',24.687),('2024-06-03 16:14:41',24.687),('2024-06-03 16:14:43',24.687),('2024-06-03 16:14:45',24.687),('2024-06-03 16:14:47',24.687),('2024-06-03 16:14:48',24.687),('2024-06-03 16:14:50',24.687),('2024-06-03 16:14:52',24.687),('2024-06-03 16:14:54',24.687),('2024-06-03 16:14:56',24.75),('2024-06-03 16:14:57',24.687),('2024-06-03 16:14:59',24.687),('2024-06-03 16:15:01',24.687),('2024-06-03 16:15:03',24.687),('2024-06-03 16:15:05',24.625),('2024-06-03 16:15:07',24.687),('2024-06-03 16:15:08',24.687),('2024-06-03 16:15:10',24.687),('2024-06-03 16:15:12',24.687),('2024-06-03 16:15:14',24.687),('2024-06-03 16:15:16',24.687),('2024-06-03 16:15:18',24.687),('2024-06-03 16:15:19',24.625),('2024-06-03 16:15:21',24.687),('2024-06-03 16:15:23',24.687),('2024-06-03 16:15:25',24.687),('2024-06-03 16:15:27',24.687),('2024-06-03 16:15:28',24.687),('2024-06-03 16:15:30',24.687),('2024-06-03 16:15:32',24.687),('2024-06-03 16:15:34',24.687),('2024-06-03 16:15:36',24.687),('2024-06-03 16:15:38',24.687),('2024-06-03 16:15:39',24.687),('2024-06-03 16:15:41',24.687),('2024-06-03 16:15:43',24.687),('2024-06-03 16:15:45',24.687),('2024-06-03 16:15:47',24.75),('2024-06-03 16:15:49',24.687),('2024-06-03 16:15:50',24.687),('2024-06-03 16:15:52',24.687),('2024-06-03 16:15:54',24.687),('2024-06-03 16:15:56',24.687),('2024-06-03 16:15:58',24.687),('2024-06-03 16:15:59',24.687),('2024-06-03 16:16:01',24.625),('2024-06-03 16:16:03',24.687),('2024-06-03 16:16:05',24.687),('2024-06-03 16:16:07',24.687),('2024-06-03 16:16:09',24.687),('2024-06-03 16:16:10',24.687),('2024-06-03 16:16:12',24.687),('2024-06-03 16:16:14',24.687),('2024-06-03 16:16:16',24.687),('2024-06-03 16:16:18',24.687),('2024-06-03 16:16:20',24.687),('2024-06-03 16:16:21',24.687),('2024-06-03 16:16:23',24.687),('2024-06-03 16:16:25',24.687),('2024-06-03 16:16:27',24.687),('2024-06-03 16:16:29',24.75),('2024-06-03 16:16:30',24.625),('2024-06-03 16:16:32',24.625),('2024-06-03 16:16:34',24.687),('2024-06-03 16:16:36',24.625),('2024-06-03 16:16:38',24.625),('2024-06-03 16:16:40',24.625),('2024-06-03 16:16:41',24.687),('2024-06-03 16:16:43',24.625),('2024-06-03 16:16:45',24.625),('2024-06-03 16:16:47',24.625),('2024-06-03 16:16:49',24.687),('2024-06-03 16:16:51',24.687),('2024-06-03 16:16:52',24.687),('2024-06-03 16:16:54',24.687),('2024-06-03 16:16:56',24.687),('2024-06-03 16:16:58',24.625),('2024-06-03 16:17:00',24.687),('2024-06-03 16:17:01',24.687),('2024-06-03 16:17:03',24.687),('2024-06-03 16:17:05',24.625),('2024-06-03 16:17:07',24.687),('2024-06-03 16:17:09',24.687),('2024-06-03 16:17:11',24.625),('2024-06-03 16:17:12',24.687),('2024-06-03 16:17:14',24.687),('2024-06-03 16:17:16',24.687),('2024-06-03 16:17:18',24.687),('2024-06-03 16:17:20',24.687),('2024-06-03 16:17:22',24.687),('2024-06-03 16:17:23',24.75),('2024-06-03 16:17:25',24.687),('2024-06-03 16:17:27',24.687),('2024-06-03 16:17:29',24.687),('2024-06-03 16:17:31',24.687),('2024-06-03 16:17:33',24.687),('2024-06-03 16:17:34',24.687),('2024-06-03 16:17:36',24.625),('2024-06-03 16:17:38',24.687),('2024-06-03 16:17:40',24.687),('2024-06-03 16:17:42',24.625),('2024-06-03 16:17:43',24.625),('2024-06-03 16:17:45',24.687),('2024-06-03 16:17:47',24.687),('2024-06-03 16:17:49',24.687),('2024-06-03 16:17:51',24.687),('2024-06-03 16:17:53',24.625),('2024-06-03 16:17:54',24.625),('2024-06-03 16:17:56',24.625),('2024-06-03 16:17:58',24.625),('2024-06-03 16:18:00',24.625),('2024-06-03 16:18:02',24.625),('2024-06-03 16:18:04',24.625),('2024-06-03 16:18:05',24.625),('2024-06-03 16:18:07',24.625),('2024-06-03 16:18:09',24.625),('2024-06-03 16:18:11',24.625),('2024-06-03 16:18:13',24.625),('2024-06-03 16:18:14',24.625),('2024-06-03 16:18:16',24.625),('2024-06-03 16:18:18',24.687),('2024-06-03 16:18:20',24.625),('2024-06-03 16:18:22',24.625),('2024-06-03 16:18:24',24.625),('2024-06-03 16:18:25',24.625),('2024-06-03 16:18:27',24.625),('2024-06-03 16:18:29',24.625),('2024-06-03 16:18:31',24.625),('2024-06-03 16:18:33',24.625),('2024-06-03 16:18:35',24.625),('2024-06-03 16:18:36',24.625),('2024-06-03 16:18:38',24.625),('2024-06-03 16:18:40',24.625),('2024-06-03 16:18:42',24.625),('2024-06-03 16:18:44',24.625),('2024-06-03 16:18:45',24.625),('2024-06-03 16:18:47',24.625),('2024-06-03 16:18:49',24.625),('2024-06-03 16:18:51',24.625),('2024-06-03 16:18:53',24.625),('2024-06-03 16:18:55',24.625),('2024-06-03 16:18:56',24.625),('2024-06-03 16:18:58',24.562),('2024-06-03 16:19:00',24.625),('2024-06-03 16:19:02',24.562),('2024-06-03 16:19:04',24.625),('2024-06-03 16:19:06',24.625),('2024-06-03 16:19:07',24.687),('2024-06-03 16:19:09',24.562),('2024-06-03 16:19:11',24.625),('2024-06-03 16:19:13',24.625),('2024-06-03 16:19:15',24.625),('2024-06-03 16:19:16',24.625),('2024-06-03 16:19:18',24.562),('2024-06-03 16:19:20',24.562),('2024-06-03 16:19:22',24.562),('2024-06-03 16:19:24',24.562),('2024-06-03 16:19:26',24.562),('2024-06-03 16:19:27',24.562),('2024-06-03 16:19:29',24.562),('2024-06-03 16:19:31',24.625),('2024-06-03 16:19:33',24.562),('2024-06-03 16:19:35',24.562),('2024-06-03 16:19:37',24.625),('2024-06-03 16:19:38',24.562),('2024-06-03 16:19:40',24.562),('2024-06-03 16:19:42',24.562),('2024-06-03 16:19:44',24.562),('2024-06-03 16:19:46',24.562),('2024-06-03 16:19:47',24.562),('2024-06-03 16:19:49',24.562),('2024-06-03 16:19:51',24.562),('2024-06-03 16:19:53',24.562),('2024-06-03 16:19:55',24.562),('2024-06-03 16:19:57',24.562),('2024-06-03 16:19:58',24.562),('2024-06-03 16:20:00',24.562),('2024-06-03 16:20:02',24.562),('2024-06-03 16:20:04',24.562),('2024-06-03 16:20:06',24.562),('2024-06-03 16:20:08',24.562),('2024-06-03 16:20:09',24.562),('2024-06-03 16:20:11',24.562),('2024-06-03 16:20:13',24.562),('2024-06-03 16:20:15',24.562),('2024-06-03 16:20:17',24.5),('2024-06-03 16:20:18',24.562),('2024-06-03 16:20:20',24.562),('2024-06-03 16:20:22',24.5),('2024-06-03 16:20:24',24.562),('2024-06-03 16:20:26',24.562),('2024-06-03 16:20:28',24.562),('2024-06-03 16:20:29',24.562),('2024-06-03 16:20:31',24.5),('2024-06-03 16:20:33',24.562),('2024-06-03 16:20:35',24.562),('2024-06-03 16:20:37',24.562),('2024-06-03 16:20:39',24.562),('2024-06-03 16:20:40',24.562),('2024-06-03 16:20:42',24.562),('2024-06-03 16:20:44',24.562),('2024-06-03 16:20:46',24.562),('2024-06-03 16:20:48',24.562),('2024-06-03 16:20:50',24.625),('2024-06-03 16:20:51',24.562),('2024-06-03 16:20:53',24.562),('2024-06-03 16:20:55',24.625),('2024-06-03 16:20:57',24.562),('2024-06-03 16:20:59',24.562),('2024-06-03 16:21:00',24.625),('2024-06-03 16:21:02',24.687),('2024-06-03 16:21:04',24.625),('2024-06-03 16:21:06',24.625),('2024-06-03 16:21:08',24.625),('2024-06-03 16:21:10',24.625),('2024-06-03 16:21:11',24.625),('2024-06-03 16:21:13',24.687),('2024-06-03 16:21:15',24.625),('2024-06-03 16:21:17',24.687),('2024-06-03 16:21:19',24.687),('2024-06-03 16:21:21',24.687),('2024-06-03 16:21:22',24.687),('2024-06-03 16:21:24',24.687),('2024-06-03 16:21:26',24.687),('2024-06-03 16:21:28',24.687),('2024-06-03 16:21:30',24.687),('2024-06-03 16:21:31',24.687),('2024-06-03 16:21:33',24.687),('2024-06-03 16:21:35',24.687),('2024-06-03 16:21:37',24.687),('2024-06-03 16:21:39',24.687),('2024-06-03 16:21:41',24.687),('2024-06-03 16:21:42',24.687),('2024-06-03 16:21:44',24.687),('2024-06-03 16:21:46',24.687),('2024-06-03 16:21:48',24.687),('2024-06-03 16:21:50',24.687),('2024-06-03 16:21:52',24.687),('2024-06-03 16:21:53',24.687),('2024-06-03 16:21:55',24.687),('2024-06-03 16:21:57',24.687),('2024-06-03 16:21:59',24.687),('2024-06-03 16:22:01',24.687),('2024-06-03 16:22:02',24.625),('2024-06-03 16:22:04',24.687),('2024-06-03 16:22:06',24.687),('2024-06-03 16:22:08',24.687),('2024-06-03 16:22:10',24.75),('2024-06-03 16:22:12',24.687),('2024-06-03 16:22:13',24.687),('2024-06-03 16:22:15',24.687),('2024-06-03 16:22:17',24.687),('2024-06-03 16:22:19',24.687),('2024-06-03 16:22:21',24.687),('2024-06-03 16:22:23',24.687),('2024-06-03 16:22:24',24.75),('2024-06-03 16:22:26',24.75),('2024-06-03 16:22:28',24.625),('2024-06-03 16:22:30',24.687),('2024-06-03 16:22:32',24.687),('2024-06-03 16:22:33',24.687),('2024-06-03 16:22:35',24.687),('2024-06-03 16:22:37',24.687),('2024-06-03 16:22:39',24.625),('2024-06-03 16:22:41',24.625),('2024-06-03 16:22:43',24.625),('2024-06-03 16:22:44',24.625),('2024-06-03 16:22:46',24.687),('2024-06-03 16:22:48',24.625),('2024-06-03 16:22:50',24.625),('2024-06-03 16:22:52',24.625),('2024-06-03 16:22:54',24.687),('2024-06-03 16:22:55',24.625),('2024-06-03 16:22:57',24.625),('2024-06-03 16:22:59',24.625),('2024-06-03 16:23:01',24.625),('2024-06-03 16:23:03',24.687),('2024-06-03 16:23:04',24.687),('2024-06-03 16:23:06',24.687),('2024-06-03 16:23:08',24.687),('2024-06-03 16:23:10',24.687),('2024-06-03 16:23:12',24.687),('2024-06-03 16:23:14',24.687),('2024-06-03 16:23:15',24.687),('2024-06-03 16:23:17',24.687),('2024-06-03 16:23:19',24.625),('2024-06-03 16:23:21',24.687),('2024-06-03 16:23:23',24.687),('2024-06-03 16:23:25',24.687),('2024-06-03 16:23:26',24.625),('2024-06-03 16:23:28',24.687),('2024-06-03 16:23:30',24.687),('2024-06-03 16:23:32',24.687),('2024-06-03 16:23:34',24.687),('2024-06-03 16:23:35',24.687),('2024-06-03 16:23:37',24.687),('2024-06-03 16:23:39',24.75),('2024-06-03 16:23:41',24.687),('2024-06-03 16:23:43',24.687),('2024-06-03 16:23:45',24.687),('2024-06-03 16:23:46',24.687),('2024-06-03 16:23:48',24.687),('2024-06-03 16:23:50',24.687),('2024-06-03 16:23:52',24.687),('2024-06-03 16:23:54',24.687),('2024-06-03 16:23:56',24.687),('2024-06-03 16:23:57',24.687),('2024-06-03 16:23:59',24.687),('2024-06-03 16:24:01',24.687),('2024-06-03 16:24:03',24.75),('2024-06-03 16:24:05',24.687),('2024-06-03 16:24:06',24.75),('2024-06-03 16:24:08',24.687),('2024-06-03 16:24:10',24.75),('2024-06-03 16:24:12',24.687),('2024-06-03 16:24:14',24.687),('2024-06-03 16:24:16',24.75),('2024-06-03 16:24:17',24.687),('2024-06-03 16:24:19',24.687),('2024-06-03 16:24:21',24.687),('2024-06-03 16:24:23',24.75),('2024-06-03 16:24:25',24.687),('2024-06-03 16:24:27',24.687),('2024-06-03 16:24:28',24.75),('2024-06-03 16:24:30',24.75),('2024-06-03 16:24:32',24.687),('2024-06-03 16:24:34',24.687),('2024-06-03 16:24:36',24.75),('2024-06-03 16:24:38',24.75),('2024-06-03 16:24:39',24.75),('2024-06-03 16:24:41',24.812),('2024-06-03 16:24:43',24.75),('2024-06-03 16:24:45',24.75),('2024-06-03 16:24:47',24.687),('2024-06-03 16:24:48',24.812),('2024-06-03 16:24:50',24.75),('2024-06-03 16:24:52',24.75),('2024-06-03 16:24:54',24.75),('2024-06-03 16:24:56',24.75),('2024-06-03 16:24:58',24.75),('2024-06-03 16:24:59',24.75),('2024-06-03 16:25:01',24.75),('2024-06-03 16:25:03',24.75),('2024-06-03 16:25:05',24.75),('2024-06-03 16:25:07',24.75),('2024-06-03 16:25:09',24.75),('2024-06-03 16:25:10',24.75),('2024-06-03 16:25:12',24.75),('2024-06-03 16:25:14',24.75),('2024-06-03 16:25:16',24.75),('2024-06-03 16:25:18',24.75),('2024-06-03 16:25:19',24.75),('2024-06-03 16:25:21',24.75),('2024-06-03 16:25:23',24.75),('2024-06-03 16:25:25',24.75),('2024-06-03 16:25:27',24.75),('2024-06-03 16:25:29',24.75),('2024-06-03 16:25:30',24.75),('2024-06-03 16:25:32',24.75),('2024-06-03 16:25:34',24.812),('2024-06-03 16:25:36',24.75),('2024-06-03 16:25:38',24.75),('2024-06-03 16:25:40',24.75),('2024-06-03 16:25:41',24.75),('2024-06-03 16:25:43',24.75),('2024-06-03 16:25:45',24.75),('2024-06-03 16:25:47',24.75),('2024-06-03 16:25:49',24.75),('2024-06-03 16:25:50',24.75),('2024-06-03 16:25:52',24.75),('2024-06-03 16:25:54',24.75),('2024-06-03 16:25:56',24.875),('2024-06-03 16:25:58',24.75),('2024-06-03 16:26:00',24.875),('2024-06-03 16:26:01',24.75),('2024-06-03 16:26:03',24.75),('2024-06-03 16:26:05',24.75),('2024-06-03 16:26:07',24.75),('2024-06-03 16:26:09',24.75),('2024-06-03 16:26:11',24.75),('2024-06-03 16:26:12',24.75),('2024-06-03 16:26:14',24.75),('2024-06-03 16:26:16',24.75),('2024-06-03 16:26:18',24.75),('2024-06-03 16:26:20',24.75),('2024-06-03 16:26:21',24.75),('2024-06-03 16:26:23',24.75),('2024-06-03 16:26:25',24.75),('2024-06-03 16:26:27',24.75),('2024-06-03 16:26:29',24.75),('2024-06-03 16:26:31',24.75),('2024-06-03 16:26:32',24.75),('2024-06-03 16:26:34',24.75),('2024-06-03 16:26:36',24.75),('2024-06-03 16:26:38',24.75),('2024-06-03 16:26:40',24.75),('2024-06-03 16:26:42',24.75),('2024-06-03 16:26:43',24.75),('2024-06-03 16:26:45',24.75),('2024-06-03 16:26:47',24.75),('2024-06-03 16:26:49',24.75),('2024-06-03 16:26:51',24.75),('2024-06-03 16:26:52',24.75),('2024-06-03 16:26:54',24.812),('2024-06-03 16:26:56',24.75),('2024-06-03 16:26:58',24.75),('2024-06-03 16:27:00',24.812),('2024-06-03 16:27:02',24.75),('2024-06-03 16:27:03',24.75),('2024-06-03 16:27:05',24.812),('2024-06-03 16:27:07',24.75),('2024-06-03 16:27:09',24.75),('2024-06-03 16:27:11',24.75),('2024-06-03 16:27:13',24.75),('2024-06-03 16:27:14',24.75),('2024-06-03 16:27:16',24.75),('2024-06-03 16:27:18',24.75),('2024-06-03 16:27:20',24.75),('2024-06-03 16:27:22',24.75),('2024-06-03 16:27:23',24.75),('2024-06-03 16:27:25',24.75),('2024-06-03 16:27:27',24.812),('2024-06-03 16:27:29',24.75),('2024-06-03 16:27:31',24.75),('2024-06-03 16:27:33',24.75),('2024-06-03 16:27:34',24.75),('2024-06-03 16:27:36',24.75),('2024-06-03 16:27:38',24.75),('2024-06-03 16:27:40',24.75),('2024-06-03 16:27:42',24.75),('2024-06-03 16:27:44',24.75),('2024-06-03 16:27:45',24.75),('2024-06-03 16:27:47',24.75),('2024-06-03 16:27:49',24.812),('2024-06-03 16:27:51',24.75),('2024-06-03 16:27:53',24.75),('2024-06-03 16:27:55',24.75),('2024-06-03 16:27:56',24.75),('2024-06-03 16:27:58',24.75),('2024-06-03 16:28:00',24.75),('2024-06-03 16:28:02',24.75),('2024-06-03 16:28:04',24.75),('2024-06-03 16:28:05',24.75),('2024-06-03 16:28:07',24.75),('2024-06-03 16:28:09',24.875),('2024-06-03 16:28:11',24.75),('2024-06-03 16:28:13',24.812),('2024-06-03 16:28:15',24.812),('2024-06-03 16:28:16',24.812),('2024-06-03 16:28:18',24.812),('2024-06-03 16:28:20',24.875),('2024-06-03 16:28:22',24.812),('2024-06-03 16:28:24',24.812),('2024-06-03 16:28:26',24.812),('2024-06-03 16:28:27',24.812),('2024-06-03 16:28:29',24.812),('2024-06-03 16:28:31',24.812),('2024-06-03 16:28:33',24.812),('2024-06-03 16:28:35',24.875),('2024-06-03 16:28:36',24.812),('2024-06-03 16:28:38',24.812),('2024-06-03 16:28:40',24.812),('2024-06-03 16:28:42',24.812),('2024-06-03 16:28:44',24.812),('2024-06-03 16:28:46',24.812),('2024-06-03 16:28:47',24.875),('2024-06-03 16:28:49',24.812),('2024-06-03 16:28:51',24.875),('2024-06-03 16:28:53',24.812),('2024-06-03 16:28:55',24.875),('2024-06-03 16:28:57',24.875),('2024-06-03 16:28:58',24.875),('2024-06-03 16:29:00',24.875),('2024-06-03 16:29:02',24.875),('2024-06-03 16:29:04',24.875),('2024-06-03 16:29:06',24.875),('2024-06-03 16:29:07',24.875),('2024-06-03 16:29:09',24.875),('2024-06-03 16:29:11',24.875),('2024-06-03 16:29:13',24.875),('2024-06-03 16:29:15',24.875),('2024-06-03 16:29:17',24.875),('2024-06-03 16:29:18',24.875),('2024-06-03 16:29:20',24.875),('2024-06-03 16:29:22',24.875),('2024-06-03 16:29:24',24.875),('2024-06-03 16:29:26',24.875),('2024-06-03 16:29:28',24.875),('2024-06-03 16:29:29',24.875),('2024-06-03 16:29:31',24.875),('2024-06-03 16:29:33',24.875),('2024-06-03 16:29:35',24.875),('2024-06-03 16:29:37',24.875),('2024-06-03 16:29:38',24.875),('2024-06-03 16:29:40',24.875),('2024-06-03 16:29:42',24.875),('2024-06-03 16:29:44',24.812),('2024-06-03 16:29:46',24.875),('2024-06-03 16:29:48',24.875),('2024-06-03 16:29:49',24.875),('2024-06-03 16:29:51',24.937),('2024-06-03 16:29:53',24.875),('2024-06-03 16:29:55',24.875),('2024-06-03 16:29:57',24.875),('2024-06-03 16:29:59',24.937),('2024-06-03 16:30:00',24.875),('2024-06-03 16:30:02',24.875),('2024-06-03 16:30:04',24.875),('2024-06-03 16:30:06',24.875),('2024-06-03 16:30:08',24.937),('2024-06-03 16:30:10',24.937),('2024-06-03 16:30:11',25),('2024-06-03 16:30:13',24.937),('2024-06-03 16:30:15',24.875),('2024-06-03 16:30:17',24.937),('2024-06-03 16:30:19',24.875),('2024-06-03 16:30:20',24.875),('2024-06-03 16:30:22',24.875),('2024-06-03 16:30:24',24.875),('2024-06-03 16:30:26',24.875),('2024-06-03 16:30:28',24.937),('2024-06-03 16:30:30',24.875),('2024-06-03 16:30:31',24.875),('2024-06-03 16:30:33',24.875),('2024-06-03 16:30:35',24.875),('2024-06-03 16:30:37',24.875),('2024-06-03 16:30:39',24.937),('2024-06-03 16:30:41',24.812),('2024-06-03 16:30:42',24.875),('2024-06-03 16:30:44',24.875),('2024-06-03 16:30:46',24.875),('2024-06-03 16:30:48',24.875),('2024-06-03 16:30:50',24.875),('2024-06-03 16:30:51',24.875),('2024-06-03 16:30:53',24.937),('2024-06-03 16:30:55',24.875),('2024-06-03 16:30:57',24.875),('2024-06-03 16:30:59',24.875),('2024-06-03 16:31:01',24.875),('2024-06-03 16:31:02',24.875),('2024-06-03 16:31:04',24.875),('2024-06-03 16:31:06',24.875),('2024-06-03 16:31:08',24.875),('2024-06-03 16:31:10',24.875),('2024-06-03 16:31:12',24.875),('2024-06-03 16:31:13',24.875),('2024-06-03 16:31:15',24.875),('2024-06-03 16:31:17',24.875),('2024-06-03 16:31:19',24.875),('2024-06-03 16:31:21',24.875),('2024-06-03 16:31:22',24.875),('2024-06-03 16:31:24',24.812),('2024-06-03 16:31:26',24.875),('2024-06-03 16:31:28',24.812),('2024-06-03 16:31:30',24.875),('2024-06-03 16:31:32',24.875),('2024-06-03 16:31:33',24.875),('2024-06-03 16:31:35',24.875),('2024-06-03 16:31:37',24.875),('2024-06-03 16:31:39',24.875),('2024-06-03 16:31:41',24.875),('2024-06-03 16:31:43',24.937),('2024-06-03 16:31:44',24.875),('2024-06-03 16:31:46',24.875),('2024-06-03 16:31:48',24.875),('2024-06-03 16:31:50',24.875),('2024-06-03 16:31:52',24.875),('2024-06-03 16:31:53',24.875),('2024-06-03 16:31:55',24.937),('2024-06-03 16:31:57',24.937),('2024-06-03 16:31:59',24.937),('2024-06-03 16:32:01',24.937),('2024-06-03 16:32:03',24.937),('2024-06-03 16:32:04',24.937),('2024-06-03 16:32:06',24.937),('2024-06-03 16:32:08',24.937),('2024-06-03 16:32:10',24.937),('2024-06-03 16:32:12',24.875),('2024-06-03 16:32:14',24.875),('2024-06-03 16:32:15',24.937),('2024-06-03 16:32:17',25.062),('2024-06-03 16:32:19',24.937),('2024-06-03 16:32:21',24.937),('2024-06-03 16:32:23',25),('2024-06-03 16:32:24',25),('2024-06-03 16:32:26',25),('2024-06-03 16:32:28',25),('2024-06-03 16:32:30',25),('2024-06-03 16:32:32',25),('2024-06-03 16:32:34',25),('2024-06-03 16:32:35',25),('2024-06-03 16:32:37',25),('2024-06-03 16:32:39',25),('2024-06-03 16:32:41',25),('2024-06-03 16:32:43',25),('2024-06-03 16:32:45',25),('2024-06-03 16:32:46',25),('2024-06-03 16:32:48',25),('2024-06-03 16:32:50',25),('2024-06-03 16:32:52',25.062),('2024-06-03 16:32:54',25),('2024-06-03 16:32:55',25),('2024-06-03 16:32:57',25.062),('2024-06-03 16:32:59',25),('2024-06-03 16:33:01',25.062),('2024-06-03 16:33:03',25.062),('2024-06-03 16:33:05',25.062),('2024-06-03 16:33:06',25.062),('2024-06-03 16:33:08',25.062),('2024-06-03 16:33:10',25.062),('2024-06-03 16:33:12',25.062),('2024-06-03 16:33:14',25.062),('2024-06-03 16:33:16',25.062),('2024-06-03 16:33:17',25.125),('2024-06-03 16:33:19',25.062),('2024-06-03 16:33:21',25.062),('2024-06-03 16:33:23',25.062),('2024-06-03 16:33:25',25.062),('2024-06-03 16:33:26',25.062),('2024-06-03 16:33:28',25.062),('2024-06-03 16:33:30',25.187),('2024-06-03 16:33:32',25.125),('2024-06-03 16:33:34',25),('2024-06-03 16:33:36',25.125),('2024-06-03 16:33:37',25.062),('2024-06-03 16:33:39',25.062),('2024-06-03 16:33:41',25.125),('2024-06-03 16:33:43',25.125),('2024-06-03 16:33:45',25.062),('2024-06-03 16:33:47',25.062),('2024-06-03 16:33:48',25.062),('2024-06-03 16:33:50',25.062),('2024-06-03 16:33:52',25.062),('2024-06-03 16:33:54',25.062),('2024-06-03 16:33:56',25.062),('2024-06-03 16:33:58',25.125),('2024-06-03 16:33:59',25.062),('2024-06-03 16:34:01',25.125),('2024-06-03 16:34:03',25.062),('2024-06-03 16:34:05',25.125),('2024-06-03 16:34:07',25.125),('2024-06-03 16:34:08',25.062),('2024-06-03 16:34:10',25.125),('2024-06-03 16:34:12',25.125),('2024-06-03 16:34:14',25.125),('2024-06-03 16:34:16',25.125),('2024-06-03 16:34:18',25.125),('2024-06-03 16:34:19',25.125),('2024-06-03 16:34:21',25.125),('2024-06-03 16:34:23',25.125),('2024-06-03 16:34:25',25.062),('2024-06-03 16:34:27',25.062),('2024-06-03 16:34:29',25.062),('2024-06-03 16:34:30',25.062),('2024-06-03 16:34:32',25.062),('2024-06-03 16:34:34',25.062),('2024-06-03 16:34:36',25.062),('2024-06-03 16:34:38',25.062),('2024-06-03 16:34:40',25.062),('2024-06-03 16:34:41',25),('2024-06-03 16:34:43',25),('2024-06-03 16:34:45',25.062),('2024-06-03 16:34:47',25),('2024-06-03 16:34:49',25),('2024-06-03 16:34:50',25),('2024-06-03 16:34:52',25.062),('2024-06-03 16:34:54',25),('2024-06-03 16:34:56',25),('2024-06-03 16:34:58',25),('2024-06-03 16:35:00',25),('2024-06-03 16:35:01',25),('2024-06-03 16:35:03',25),('2024-06-03 16:35:05',25),('2024-06-03 16:35:07',25),('2024-06-03 16:35:09',25),('2024-06-03 16:35:11',25),('2024-06-03 16:35:12',24.937),('2024-06-03 16:35:14',24.937),('2024-06-03 16:35:16',24.937),('2024-06-03 16:35:18',24.937),('2024-06-03 16:35:20',24.937),('2024-06-03 16:35:21',24.937),('2024-06-03 16:35:23',24.937),('2024-06-03 16:35:25',24.937),('2024-06-03 16:35:27',24.937),('2024-06-03 16:35:29',24.937),('2024-06-03 16:35:31',24.937),('2024-06-03 16:35:32',24.875),('2024-06-03 16:35:34',24.937),('2024-06-03 16:35:36',24.937),('2024-06-03 16:35:38',24.937),('2024-06-03 16:35:40',24.937),('2024-06-03 16:35:42',24.937),('2024-06-03 16:35:43',24.937),('2024-06-03 16:35:45',24.875),('2024-06-03 16:35:47',24.875),('2024-06-03 16:35:49',25),('2024-06-03 16:35:51',24.937),('2024-06-03 16:35:52',24.875),('2024-06-03 16:35:54',24.937),('2024-06-03 16:35:56',24.875),('2024-06-03 16:35:58',24.875),('2024-06-03 16:36:00',24.875),('2024-06-03 16:36:02',24.875),('2024-06-03 16:36:03',24.875),('2024-06-03 16:36:05',24.875),('2024-06-03 16:36:07',24.875),('2024-06-03 16:36:09',24.875),('2024-06-03 16:36:11',24.875),('2024-06-03 16:36:13',24.875),('2024-06-03 16:36:14',24.937),('2024-06-03 16:36:16',24.875),('2024-06-03 16:36:18',24.875),('2024-06-03 16:36:20',24.875),('2024-06-03 16:36:22',24.875),('2024-06-03 16:36:23',24.875),('2024-06-03 16:36:25',24.875),('2024-06-03 16:36:27',24.875),('2024-06-03 16:36:29',24.875),('2024-06-03 16:36:31',24.937),('2024-06-03 16:36:33',24.875),('2024-06-03 16:36:34',24.875),('2024-06-03 16:36:36',24.937),('2024-06-03 16:36:38',24.812),('2024-06-03 16:36:40',24.812),('2024-06-03 16:36:42',24.812),('2024-06-03 16:36:44',24.812),('2024-06-03 16:36:45',24.812),('2024-06-03 16:36:47',24.812),('2024-06-03 16:36:49',24.812),('2024-06-03 16:36:51',24.812),('2024-06-03 16:36:53',24.812),('2024-06-03 16:36:54',24.812),('2024-06-03 16:36:56',24.75),('2024-06-03 16:36:58',24.75),('2024-06-03 16:37:00',24.75),('2024-06-03 16:37:02',24.75),('2024-06-03 16:37:04',24.75),('2024-06-03 16:37:05',24.812),('2024-06-03 16:37:07',24.75),('2024-06-03 16:37:09',24.75),('2024-06-03 16:37:11',24.75),('2024-06-03 16:37:13',24.75),('2024-06-03 16:37:15',24.75),('2024-06-03 16:37:16',24.75),('2024-06-03 16:37:18',24.75),('2024-06-03 16:37:20',24.687),('2024-06-03 16:37:22',24.75),('2024-06-03 16:37:24',24.75),('2024-06-03 16:37:26',24.75),('2024-06-03 16:37:27',24.75),('2024-06-03 16:37:29',24.75),('2024-06-03 16:37:31',24.75),('2024-06-03 16:37:33',24.687),('2024-06-03 16:37:35',24.75),('2024-06-03 16:37:36',24.75),('2024-06-03 16:37:38',24.75),('2024-06-03 16:37:40',24.687),('2024-06-03 16:37:42',24.75),('2024-06-03 16:37:44',24.687),('2024-06-03 16:37:46',24.687),('2024-06-03 16:37:47',24.75),('2024-06-03 16:37:49',24.75),('2024-06-03 16:37:51',24.687),('2024-06-03 16:37:53',24.75),('2024-06-03 16:37:55',24.75),('2024-06-03 16:37:57',24.75),('2024-06-03 16:37:58',24.687),('2024-06-03 16:38:00',24.687),('2024-06-03 16:38:02',24.687),('2024-06-03 16:38:04',24.812),('2024-06-03 16:38:06',24.75),('2024-06-03 16:38:07',24.75),('2024-06-03 16:38:09',24.75),('2024-06-03 16:38:11',24.75),('2024-06-03 16:38:13',24.687),('2024-06-03 16:38:15',24.75),('2024-06-03 16:38:17',24.687),('2024-06-03 16:38:18',24.687),('2024-06-03 16:38:20',24.812),('2024-06-03 16:38:22',24.687),('2024-06-03 16:38:24',24.687),('2024-06-03 16:38:26',24.75),('2024-06-03 16:38:28',24.75),('2024-06-03 16:38:29',24.687),('2024-06-03 16:38:31',24.75),('2024-06-03 16:38:33',24.75),('2024-06-03 16:38:35',24.687),('2024-06-03 16:38:37',24.75),('2024-06-03 16:38:39',24.75),('2024-06-03 16:38:40',24.75),('2024-06-03 16:38:42',24.687),('2024-06-03 16:38:44',24.75),('2024-06-03 16:38:46',24.687),('2024-06-03 16:38:48',24.75),('2024-06-03 16:38:49',24.687),('2024-06-03 16:38:51',24.687),('2024-06-03 16:38:53',24.687),('2024-06-03 16:38:55',24.687),('2024-06-03 16:38:57',24.687),('2024-06-03 16:38:59',24.75),('2024-06-03 16:39:00',24.687),('2024-06-03 16:39:02',24.687),('2024-06-03 16:39:04',24.687),('2024-06-03 16:39:06',24.687),('2024-06-03 16:39:08',24.687),('2024-06-03 16:39:10',24.687),('2024-06-03 16:39:11',24.75),('2024-06-03 16:39:13',24.687),('2024-06-03 16:39:15',24.75),('2024-06-03 16:39:17',24.687),('2024-06-03 16:39:19',24.687),('2024-06-03 16:39:20',24.812),('2024-06-03 16:39:22',24.687),('2024-06-03 16:39:24',24.687),('2024-06-03 16:39:26',24.75),('2024-06-03 16:39:28',24.687),('2024-06-03 16:39:30',24.687),('2024-06-03 16:39:31',24.687),('2024-06-03 16:39:33',24.75),('2024-06-03 16:39:35',24.75),('2024-06-03 16:39:37',24.75),('2024-06-03 16:39:39',24.687),('2024-06-03 16:39:41',24.687),('2024-06-03 16:39:42',24.75),('2024-06-03 16:39:44',24.687),('2024-06-03 16:39:46',24.687),('2024-06-03 16:39:48',24.75),('2024-06-03 16:39:50',24.687),('2024-06-03 16:39:52',24.687),('2024-06-03 16:39:53',24.687),('2024-06-03 16:39:55',24.687),('2024-06-03 16:39:57',24.687),('2024-06-03 16:39:59',24.687),('2024-06-03 16:40:01',24.687),('2024-06-03 16:40:02',24.687),('2024-06-03 16:40:04',24.75),('2024-06-03 16:40:06',24.687),('2024-06-03 16:40:08',24.687),('2024-06-03 16:40:10',24.687),('2024-06-03 16:40:12',24.687),('2024-06-03 16:40:13',24.687),('2024-06-03 16:40:15',24.687),('2024-06-03 16:40:17',24.687),('2024-06-03 16:40:19',24.625),('2024-06-03 16:40:21',24.75),('2024-06-03 16:40:23',24.687),('2024-06-03 16:40:24',24.687),('2024-06-03 16:40:26',24.687),('2024-06-03 16:40:28',24.687),('2024-06-03 16:40:30',24.687),('2024-06-03 16:40:32',24.687),('2024-06-03 16:40:33',24.687),('2024-06-03 16:40:35',24.687),('2024-06-03 16:40:37',24.687),('2024-06-03 16:40:39',24.687),('2024-06-03 16:40:41',24.75),('2024-06-03 16:40:43',24.687),('2024-06-03 16:40:44',24.687),('2024-06-03 16:40:46',24.687),('2024-06-03 16:40:48',24.75),('2024-06-03 16:40:50',24.687),('2024-06-03 16:40:52',24.687),('2024-06-03 16:40:54',24.687),('2024-06-03 16:40:55',24.687),('2024-06-03 16:40:57',24.687),('2024-06-03 16:40:59',24.687),('2024-06-03 16:41:01',24.687),('2024-06-03 16:41:03',24.687),('2024-06-03 16:41:04',24.687),('2024-06-03 16:41:06',24.687),('2024-06-03 16:41:08',24.687),('2024-06-03 16:41:10',24.687),('2024-06-03 16:41:12',24.687),('2024-06-03 16:41:14',24.687),('2024-06-03 16:41:15',24.687),('2024-06-03 16:41:17',24.687),('2024-06-03 16:41:19',24.75),('2024-06-03 16:41:21',24.687),('2024-06-03 16:41:23',24.687),('2024-06-03 16:41:25',24.75),('2024-06-03 16:41:26',24.687),('2024-06-03 16:41:28',24.687),('2024-06-03 16:41:30',24.687),('2024-06-03 16:41:32',24.687),('2024-06-03 16:41:34',24.75),('2024-06-03 16:41:36',24.687),('2024-06-03 16:41:37',24.75),('2024-06-03 16:41:39',24.75),('2024-06-03 16:41:41',24.687),('2024-06-03 16:41:43',24.687),('2024-06-03 16:41:45',24.687),('2024-06-03 16:41:46',24.687),('2024-06-03 16:41:48',24.687),('2024-06-03 16:41:50',24.75),('2024-06-03 16:41:52',24.687),('2024-06-03 16:41:54',24.687),('2024-06-03 16:41:56',24.687),('2024-06-03 16:41:57',24.687),('2024-06-03 16:41:59',24.687),('2024-06-03 16:42:01',24.687),('2024-06-03 16:42:03',24.687),('2024-06-03 16:42:05',24.687),('2024-06-03 16:42:07',24.687),('2024-06-03 16:42:08',24.687),('2024-06-03 16:42:10',24.687),('2024-06-03 16:42:12',24.687),('2024-06-03 16:42:14',24.687),('2024-06-03 16:42:16',24.687),('2024-06-03 16:42:18',24.687),('2024-06-03 16:42:19',24.687),('2024-06-03 16:42:21',24.687),('2024-06-03 16:42:23',24.687),('2024-06-03 16:42:25',24.687),('2024-06-03 16:42:27',24.687),('2024-06-03 16:42:28',24.687),('2024-06-03 16:42:30',24.687),('2024-06-03 16:42:32',24.687),('2024-06-03 16:42:34',24.687),('2024-06-03 16:42:36',24.687),('2024-06-03 16:42:38',24.687),('2024-06-03 16:42:39',24.687),('2024-06-03 16:42:41',24.687),('2024-06-03 16:42:43',24.687),('2024-06-03 16:42:45',24.75),('2024-06-03 16:42:47',24.687),('2024-06-03 16:42:49',24.687),('2024-06-03 16:42:50',24.687),('2024-06-03 16:42:52',24.687),('2024-06-03 16:42:54',24.75),('2024-06-03 16:42:56',24.687),('2024-06-03 16:42:58',24.687),('2024-06-03 16:42:59',24.687),('2024-06-03 16:43:01',24.687),('2024-06-03 16:43:03',24.75),('2024-06-03 16:43:05',24.687),('2024-06-03 16:43:07',24.75),('2024-06-03 16:43:09',24.687),('2024-06-03 16:43:10',24.75),('2024-06-03 16:43:12',24.75),('2024-06-03 16:43:14',24.75),('2024-06-03 16:43:16',24.937),('2024-06-03 16:43:18',25.375),('2024-06-03 16:43:20',25.562),('2024-06-03 16:43:21',25.625),('2024-06-03 16:43:23',25.687),('2024-06-03 16:43:25',25.687),('2024-06-03 16:43:27',25.687),('2024-06-03 16:43:29',25.687),('2024-06-03 16:43:30',25.687),('2024-06-03 16:43:32',25.687),('2024-06-03 16:43:34',25.687),('2024-06-03 16:43:36',25.687),('2024-06-03 16:43:38',25.687),('2024-06-03 16:43:40',25.625),('2024-06-03 16:43:41',25.625),('2024-06-03 16:43:43',25.625),('2024-06-03 16:43:45',25.625),('2024-06-03 16:43:47',25.625),('2024-06-03 16:43:49',25.625),('2024-06-03 16:43:51',25.625),('2024-06-03 16:43:52',25.625),('2024-06-03 16:43:54',25.625),('2024-06-03 16:43:56',25.562),('2024-06-03 16:43:58',25.562),('2024-06-03 16:44:00',25.562),('2024-06-03 16:44:02',25.562),('2024-06-03 16:44:03',25.562),('2024-06-03 16:44:05',25.562),('2024-06-03 16:44:07',25.5),('2024-06-03 16:44:09',25.5),('2024-06-03 16:44:11',25.5),('2024-06-03 16:44:12',25.5),('2024-06-03 16:44:14',25.437),('2024-06-03 16:44:16',25.437),('2024-06-03 16:44:18',25.437),('2024-06-03 16:44:20',25.437),('2024-06-03 16:44:22',25.437),('2024-06-03 16:44:23',25.437),('2024-06-03 16:44:25',25.437),('2024-06-03 16:44:27',25.375),('2024-06-03 16:44:29',25.375),('2024-06-03 16:44:31',25.375),('2024-06-03 16:44:33',25.312),('2024-06-03 16:44:34',25.375),('2024-06-03 16:44:36',25.375),('2024-06-03 16:44:38',25.312),('2024-06-03 16:44:40',25.312),('2024-06-03 16:44:42',25.312),('2024-06-03 16:44:43',25.25),('2024-06-03 16:44:45',25.25),('2024-06-03 16:44:47',25.25),('2024-06-03 16:44:49',25.25),('2024-06-03 16:44:51',25.25),('2024-06-03 16:44:53',25.25),('2024-06-03 16:44:54',25.25),('2024-06-03 16:44:56',25.25),('2024-06-03 16:44:58',25.187),('2024-06-03 16:45:00',25.187),('2024-06-03 16:45:02',25.187),('2024-06-03 16:45:04',25.187),('2024-06-03 16:45:05',25.125),('2024-06-03 16:45:07',25.187),('2024-06-03 16:45:09',25.187),('2024-06-03 16:45:11',25.187),('2024-06-03 16:45:13',25.125),('2024-06-03 16:45:14',25.125),('2024-06-03 16:45:16',25.125),('2024-06-03 16:45:18',25.125),('2024-06-03 16:45:20',25.125),('2024-06-03 16:45:22',25.062),('2024-06-03 16:45:24',25.125),('2024-06-03 16:45:25',25.187),('2024-06-03 16:45:27',25.062),('2024-06-03 16:45:29',25.062),('2024-06-03 16:45:31',25.062),('2024-06-03 16:45:33',25.062),('2024-06-03 16:45:35',25.062),('2024-06-03 16:45:36',25.062),('2024-06-03 16:45:38',25),('2024-06-03 16:45:40',25.062),('2024-06-03 16:45:42',25),('2024-06-03 16:45:44',25),('2024-06-03 16:45:45',25),('2024-06-03 16:45:47',25),('2024-06-03 16:45:49',25),('2024-06-03 16:45:51',25),('2024-06-03 16:45:53',25),('2024-06-03 16:45:55',25.062),('2024-06-03 16:45:56',25),('2024-06-03 16:45:58',24.937),('2024-06-03 16:46:00',24.937),('2024-06-03 16:46:02',24.937),('2024-06-03 16:46:04',24.937),('2024-06-03 16:46:06',24.937),('2024-06-03 16:46:07',25),('2024-06-03 16:46:09',24.937),('2024-06-03 16:46:11',24.937),('2024-06-03 16:46:13',24.937),('2024-06-03 16:46:15',24.937),('2024-06-03 16:46:17',24.875),('2024-06-03 16:46:18',24.875),('2024-06-03 16:46:20',24.875),('2024-06-03 16:46:22',24.875),('2024-06-03 16:46:24',24.875),('2024-06-03 16:46:26',24.875),('2024-06-03 16:46:27',24.875),('2024-06-03 16:46:29',24.875),('2024-06-03 16:46:31',24.875),('2024-06-03 16:46:33',24.875),('2024-06-03 16:46:35',24.875),('2024-06-03 16:46:37',24.937),('2024-06-03 16:46:38',24.812),('2024-06-03 16:46:40',24.875),('2024-06-03 16:46:42',24.875),('2024-06-03 16:46:44',24.875),('2024-06-03 16:46:46',24.875),('2024-06-03 16:46:48',24.812),('2024-06-03 16:46:49',24.875),('2024-06-03 16:46:51',24.875),('2024-06-03 16:46:53',24.875),('2024-06-03 16:46:55',24.875),('2024-06-03 16:46:57',24.875),('2024-06-03 16:46:58',24.875),('2024-06-03 16:47:00',24.875),('2024-06-03 16:47:02',24.812),('2024-06-03 16:47:04',24.875),('2024-06-03 16:47:06',24.812),('2024-06-03 16:47:08',24.812),('2024-06-03 16:47:09',24.875),('2024-06-03 16:47:11',24.812),('2024-06-03 16:47:13',24.812),('2024-06-03 16:47:15',24.812),('2024-06-03 16:47:17',24.812),('2024-06-03 16:47:19',24.812),('2024-06-03 16:47:20',24.812),('2024-06-03 16:47:22',24.812),('2024-06-03 16:47:24',24.875),('2024-06-03 16:47:26',24.812),('2024-06-03 16:47:28',24.812),('2024-06-03 16:47:30',24.812),('2024-06-03 16:47:31',24.875),('2024-06-03 16:47:33',24.812),('2024-06-03 16:47:35',24.812),('2024-06-03 16:47:37',24.812),('2024-06-03 16:47:39',24.75),('2024-06-03 16:47:40',24.812),('2024-06-03 16:47:42',24.75),('2024-06-03 16:47:44',24.75),('2024-06-03 16:47:46',24.75),('2024-06-03 16:47:48',24.812),('2024-06-03 16:47:50',24.75),('2024-06-03 16:47:51',24.75),('2024-06-03 16:47:53',24.75),('2024-06-03 16:47:55',24.75),('2024-06-03 16:47:57',24.875),('2024-06-03 16:47:59',24.75),('2024-06-03 16:48:01',24.812),('2024-06-03 16:48:02',24.75),('2024-06-03 16:48:04',24.75),('2024-06-03 16:48:06',24.75),('2024-06-03 16:48:08',24.75),('2024-06-03 16:48:10',24.75),('2024-06-03 16:48:11',24.75),('2024-06-03 16:48:13',24.75),('2024-06-03 16:48:15',24.75),('2024-06-03 16:48:17',24.75),('2024-06-03 16:48:19',24.75),('2024-06-03 16:48:21',24.75),('2024-06-03 16:48:22',24.75),('2024-06-03 16:48:24',24.75),('2024-06-03 16:48:26',24.75),('2024-06-03 16:48:28',24.75),('2024-06-03 16:48:30',24.75),('2024-06-03 16:48:32',24.75),('2024-06-03 16:48:33',24.75),('2024-06-03 16:48:35',24.687),('2024-06-03 16:48:37',24.75),('2024-06-03 16:48:39',24.687),('2024-06-03 16:48:41',24.687),('2024-06-03 16:48:42',24.687),('2024-06-03 16:48:44',24.687),('2024-06-03 16:48:46',24.687),('2024-06-03 16:48:48',24.687),('2024-06-03 16:48:50',24.687),('2024-06-03 16:48:52',24.687),('2024-06-03 16:48:53',24.687),('2024-06-03 16:48:55',24.687),('2024-06-03 16:48:57',24.687),('2024-06-03 16:48:59',24.687),('2024-06-03 16:49:01',24.687),('2024-06-03 16:49:03',24.687),('2024-06-03 16:49:04',24.687),('2024-06-03 16:49:06',24.687),('2024-06-03 16:49:08',24.687),('2024-06-03 16:49:10',24.75),('2024-06-03 16:49:12',24.687),('2024-06-03 16:49:14',24.687),('2024-06-03 16:49:15',24.687),('2024-06-03 16:49:17',24.687),('2024-06-03 16:49:19',24.687),('2024-06-03 16:49:21',24.687),('2024-06-03 16:49:23',24.625),('2024-06-03 16:49:24',24.687),('2024-06-03 16:49:26',24.625),('2024-06-03 16:49:28',24.687),('2024-06-03 16:49:30',24.687),('2024-06-03 16:49:32',24.687),('2024-06-03 16:49:34',24.625),('2024-06-03 16:49:35',24.625),('2024-06-03 16:49:37',24.625),('2024-06-03 16:49:39',24.625),('2024-06-03 16:49:41',24.687),('2024-06-03 16:49:43',24.625),('2024-06-03 16:49:45',24.687),('2024-06-03 16:49:46',24.625),('2024-06-03 16:49:48',24.625),('2024-06-03 16:49:50',24.625),('2024-06-03 16:49:52',24.625),('2024-06-03 16:49:54',24.687),('2024-06-03 16:49:55',24.625),('2024-06-03 16:49:57',24.625),('2024-06-03 16:49:59',24.625),('2024-06-03 16:50:01',24.625),('2024-06-03 16:50:03',24.625),('2024-06-03 16:50:05',24.625),('2024-06-03 16:50:06',24.687),('2024-06-03 16:50:08',24.75),('2024-06-03 16:50:10',24.875),('2024-06-03 16:50:12',25),('2024-06-03 16:50:14',25.062),('2024-06-03 16:50:16',25.187),('2024-06-03 16:50:17',25.25),('2024-06-03 16:50:19',25.375),('2024-06-03 16:50:21',25.437),('2024-06-03 16:50:23',25.562),('2024-06-03 16:50:25',25.625),('2024-06-03 16:50:26',25.687),('2024-06-03 16:50:28',25.75),('2024-06-03 16:50:30',25.812),('2024-06-03 16:50:32',25.937),('2024-06-03 16:50:34',26),('2024-06-03 16:50:36',26.062),('2024-06-03 16:50:37',26.062),('2024-06-03 16:50:39',26.125),('2024-06-03 16:50:41',26.187),('2024-06-03 16:50:43',26.25),('2024-06-03 16:50:45',26.375),('2024-06-03 16:50:47',26.375),('2024-06-03 16:50:48',26.437),('2024-06-03 16:50:50',26.5),('2024-06-03 16:50:52',26.562),('2024-06-03 16:50:54',26.625),('2024-06-03 16:50:56',26.625),('2024-06-03 16:50:57',26.687),('2024-06-03 16:50:59',26.625),('2024-06-03 16:51:01',26.625),('2024-06-03 16:51:03',26.625),('2024-06-03 16:51:05',26.562),('2024-06-03 16:51:07',26.625),('2024-06-03 16:51:08',26.562),('2024-06-03 16:51:10',26.562),('2024-06-03 16:51:12',26.625),('2024-06-03 16:51:14',26.562),('2024-06-03 16:51:16',26.562),('2024-06-03 16:51:18',26.5),('2024-06-03 16:51:19',26.5),('2024-06-03 16:51:21',26.5),('2024-06-03 16:51:23',26.5),('2024-06-03 16:51:25',26.5),('2024-06-03 16:51:27',26.437),('2024-06-03 16:51:28',26.437),('2024-06-03 16:51:30',26.437),('2024-06-03 16:51:32',26.437),('2024-06-03 16:51:34',26.375),('2024-06-03 16:51:36',26.375),('2024-06-03 16:51:38',26.375),('2024-06-03 16:51:39',26.375),('2024-06-03 16:51:41',26.375),('2024-06-03 16:51:43',26.312),('2024-06-03 16:51:45',26.312),('2024-06-03 16:51:47',26.25),('2024-06-03 16:51:49',26.25),('2024-06-03 16:51:50',26.25),('2024-06-03 16:51:52',26.25),('2024-06-03 16:51:54',26.25),('2024-06-03 16:51:56',26.25),('2024-06-03 16:51:58',26.187),('2024-06-03 16:51:59',26.187),('2024-06-03 16:52:01',26.187),('2024-06-03 16:52:03',26.187),('2024-06-03 16:52:05',26.125),('2024-06-03 16:52:07',26.125),('2024-06-03 16:52:09',26.125),('2024-06-03 16:52:10',26.125),('2024-06-03 16:52:12',26.125),('2024-06-03 16:52:14',26.062),('2024-06-03 16:52:16',26.125),('2024-06-03 16:52:18',26.125),('2024-06-03 16:52:20',26.062),('2024-06-03 16:52:21',26.062),('2024-06-03 16:52:23',26.062),('2024-06-03 16:52:25',26.062),('2024-06-03 16:52:27',26),('2024-06-03 16:52:29',26),('2024-06-03 16:52:30',26),('2024-06-03 16:52:32',26),('2024-06-03 16:52:34',26),('2024-06-03 16:52:36',25.937),('2024-06-03 16:52:38',25.937),('2024-06-03 16:52:40',25.937),('2024-06-03 16:52:41',25.937),('2024-06-03 16:52:43',25.937),('2024-06-03 16:52:45',25.875),('2024-06-03 16:52:47',26),('2024-06-03 16:52:49',25.937),('2024-06-03 16:52:51',25.875),('2024-06-03 16:52:52',25.875),('2024-06-03 16:52:54',25.875),('2024-06-03 16:52:56',25.875),('2024-06-03 16:52:58',25.875),('2024-06-03 16:53:00',25.875),('2024-06-03 16:53:02',25.875),('2024-06-03 16:53:03',25.875),('2024-06-03 16:53:05',25.875),('2024-06-03 16:53:07',25.875),('2024-06-03 16:53:09',25.875),('2024-06-03 16:53:11',25.875),('2024-06-03 16:53:12',25.937),('2024-06-03 16:53:14',25.875),('2024-06-03 16:53:16',25.812),('2024-06-03 16:53:18',25.875),('2024-06-03 16:53:20',25.812),('2024-06-03 16:53:22',25.812),('2024-06-03 16:53:23',25.812),('2024-06-03 16:53:25',25.812),('2024-06-03 16:53:27',25.812),('2024-06-03 16:53:29',25.812),('2024-06-03 16:53:31',25.812),('2024-06-03 16:53:33',25.812),('2024-06-03 16:53:34',25.75),('2024-06-03 16:53:36',25.75),('2024-06-03 16:53:38',25.75),('2024-06-03 16:53:40',25.75),('2024-06-03 16:53:42',25.75),('2024-06-03 16:53:43',25.687),('2024-06-03 16:53:45',25.687),('2024-06-03 16:53:47',25.687),('2024-06-03 16:53:49',25.75),('2024-06-03 16:53:51',25.687),('2024-06-03 16:53:53',25.687),('2024-06-03 16:53:54',25.687),('2024-06-03 16:53:56',25.687),('2024-06-03 16:53:58',25.687),('2024-06-03 16:54:00',25.687),('2024-06-03 16:54:02',25.687),('2024-06-03 16:54:04',25.75),('2024-06-03 16:54:05',25.687),('2024-06-03 16:54:07',25.625),('2024-06-03 16:54:09',25.625),('2024-06-03 16:54:11',25.625),('2024-06-03 16:54:13',25.625),('2024-06-03 16:54:14',25.625),('2024-06-03 16:54:16',25.625),('2024-06-03 16:54:18',25.625),('2024-06-03 16:54:20',25.625),('2024-06-03 16:54:22',25.562),('2024-06-03 16:54:24',25.562),('2024-06-03 16:54:25',25.562),('2024-06-03 16:54:27',25.625),('2024-06-03 16:54:29',25.562),('2024-06-03 16:54:31',25.562),('2024-06-03 16:54:33',25.562),('2024-06-03 16:54:35',25.562),('2024-06-03 16:54:36',25.5),('2024-06-03 16:54:38',25.562),('2024-06-03 16:54:40',25.5),('2024-06-03 16:54:42',25.5),('2024-06-03 16:54:44',25.5),('2024-06-03 16:54:46',25.5),('2024-06-03 16:54:47',25.5),('2024-06-03 16:54:49',25.5),('2024-06-03 16:54:51',25.5),('2024-06-03 16:54:53',25.437),('2024-06-03 16:54:55',25.5),('2024-06-03 16:54:56',25.5),('2024-06-03 16:54:58',25.437),('2024-06-03 16:55:00',25.5),('2024-06-03 16:55:02',25.437),('2024-06-03 16:55:04',25.437),('2024-06-03 16:55:06',25.437),('2024-06-03 16:55:07',25.437),('2024-06-03 16:55:09',25.437),('2024-06-03 16:55:11',25.437),('2024-06-03 16:55:13',25.437),('2024-06-03 16:55:15',25.437),('2024-06-03 16:55:17',25.375),('2024-06-03 16:55:18',25.437),('2024-06-03 16:55:20',25.375),('2024-06-03 16:55:22',25.375),('2024-06-03 16:55:24',25.375),('2024-06-03 16:55:26',25.375),('2024-06-03 16:55:27',25.375),('2024-06-03 16:55:29',25.375),('2024-06-03 16:55:31',25.375),('2024-06-03 16:55:33',25.375),('2024-06-03 16:55:35',25.375),('2024-06-03 16:55:37',25.375),('2024-06-03 16:55:38',25.437),('2024-06-03 16:55:40',25.375),('2024-06-03 16:55:42',25.375),('2024-06-03 16:55:44',25.375),('2024-06-03 16:55:46',25.375),('2024-06-03 16:55:48',25.375),('2024-06-03 16:55:49',25.375),('2024-06-03 16:55:51',25.312),('2024-06-03 16:55:53',25.312),('2024-06-03 16:55:55',25.375),('2024-06-03 16:55:57',25.312),('2024-06-03 16:55:59',25.312),('2024-06-03 16:56:00',25.312),('2024-06-03 16:56:02',25.312),('2024-06-03 16:56:04',25.312),('2024-06-03 16:56:06',25.25),('2024-06-03 16:56:08',25.25),('2024-06-03 16:56:09',25.312),('2024-06-03 16:56:11',25.25),('2024-06-03 16:56:13',25.25),('2024-06-03 16:56:15',25.25),('2024-06-03 16:56:17',25.25),('2024-06-03 16:56:19',25.25),('2024-06-03 16:56:20',25.25),('2024-06-03 16:56:22',25.25),('2024-06-03 16:56:24',25.25),('2024-06-03 16:56:26',25.25),('2024-06-03 16:56:28',25.187),('2024-06-03 16:56:30',25.25),('2024-06-03 16:56:31',25.187),('2024-06-03 16:56:33',25.25),('2024-06-03 16:56:35',25.187),('2024-06-03 16:56:37',25.25),('2024-06-03 16:56:39',25.187),('2024-06-03 16:56:40',25.187),('2024-06-03 16:56:42',25.187),('2024-06-03 16:56:44',25.125),('2024-06-03 16:56:46',25.125),('2024-06-03 16:56:48',25.187),('2024-06-03 16:56:50',25.187),('2024-06-03 16:56:51',25.187),('2024-06-03 16:56:53',25.187),('2024-06-03 16:56:55',25.125),('2024-06-03 16:56:57',25.125),('2024-06-03 16:56:59',25.125),('2024-06-03 16:57:01',25.125),('2024-06-03 16:57:02',25.125),('2024-06-03 16:57:04',25.125),('2024-06-03 16:57:06',25.125),('2024-06-03 16:57:08',25.125),('2024-06-03 16:57:10',25.125),('2024-06-03 16:57:11',25.125),('2024-06-03 16:57:13',25.125),('2024-06-03 16:57:15',25.125),('2024-06-03 16:57:17',25.125),('2024-06-03 16:57:19',25.125),('2024-06-03 16:57:21',25.125),('2024-06-03 16:57:22',25.187),('2024-06-03 16:57:24',25.125),('2024-06-03 16:57:26',25.125),('2024-06-03 16:57:28',25.125),('2024-06-03 16:57:30',25.125),('2024-06-03 16:57:32',25.125),('2024-06-03 16:57:33',25.125),('2024-06-03 16:57:35',25.125),('2024-06-03 16:57:37',25.125),('2024-06-03 16:57:39',25.125),('2024-06-03 16:57:41',25.125),('2024-06-03 16:57:42',25.125),('2024-06-03 16:57:44',25.062),('2024-06-03 16:57:46',25.062),('2024-06-03 16:57:48',25.125),('2024-06-03 16:57:50',25.125),('2024-06-03 16:57:52',25.062),('2024-06-03 16:57:53',25.062),('2024-06-03 16:57:55',25.062),('2024-06-03 16:57:57',25.062),('2024-06-03 16:57:59',25.062),('2024-06-03 16:58:01',25.062),('2024-06-03 16:58:03',25.062),('2024-06-03 16:58:04',25.125),('2024-06-03 16:58:06',25.062),('2024-06-03 16:58:08',25.125),('2024-06-03 16:58:10',25.062),('2024-06-03 16:58:12',25.062),('2024-06-03 16:58:14',25.062),('2024-06-03 16:58:15',25.062),('2024-06-03 16:58:17',25),('2024-06-03 16:58:19',25.062),('2024-06-03 16:58:21',25.062),('2024-06-03 16:58:23',25.062),('2024-06-03 16:58:24',25.062),('2024-06-03 16:58:26',25.062),('2024-06-03 16:58:28',25.062),('2024-06-03 16:58:30',25.5),('2024-06-03 16:58:32',26.375),('2024-06-03 16:58:34',27.125),('2024-06-03 16:58:35',27.687),('2024-06-03 16:58:37',28.375),('2024-06-03 16:58:39',28.687),('2024-06-03 16:58:41',28.75),('2024-06-03 16:58:43',28.812),('2024-06-03 16:58:45',28.812),('2024-06-03 16:58:46',28.875),('2024-06-03 16:58:48',28.875),('2024-06-03 16:58:50',28.875),('2024-06-03 16:58:52',28.812),('2024-06-03 16:58:54',28.812),('2024-06-03 16:58:55',28.812),('2024-06-03 16:58:57',28.75),('2024-06-03 16:58:59',28.75),('2024-06-03 16:59:01',28.75),('2024-06-03 16:59:03',28.687),('2024-06-03 16:59:05',28.75),('2024-06-03 16:59:06',28.687),('2024-06-03 16:59:08',28.687),('2024-06-03 16:59:10',28.625),('2024-06-03 16:59:12',28.625),('2024-06-03 16:59:14',28.625),('2024-06-03 16:59:16',28.562),('2024-06-03 16:59:17',28.562),('2024-06-03 16:59:19',28.437),('2024-06-03 16:59:21',28.437),('2024-06-03 16:59:23',28.437),('2024-06-03 16:59:25',28.312),('2024-06-03 16:59:26',28.312),('2024-06-03 16:59:28',28.312),('2024-06-03 16:59:30',28.25),('2024-06-03 16:59:32',28.187),('2024-06-03 16:59:34',28.187),('2024-06-03 16:59:36',28.062),('2024-06-03 16:59:37',28.062),('2024-06-03 16:59:39',28.125),('2024-06-03 16:59:41',28),('2024-06-03 16:59:43',28),('2024-06-03 16:59:45',27.937),('2024-06-03 16:59:47',27.937),('2024-06-03 16:59:48',27.875),('2024-06-03 16:59:50',27.875),('2024-06-03 16:59:52',27.812),('2024-06-03 16:59:54',27.812),('2024-06-03 16:59:56',27.75),('2024-06-03 16:59:57',27.75),('2024-06-03 16:59:59',27.75),('2024-06-03 17:00:01',27.687),('2024-06-03 17:00:03',27.625),('2024-06-03 17:00:05',27.625),('2024-06-03 17:00:07',27.562),('2024-06-03 17:00:08',27.562),('2024-06-03 17:00:10',27.5),('2024-06-03 17:00:12',27.5),('2024-06-03 17:00:14',27.437),('2024-06-03 17:00:16',27.437),('2024-06-03 17:00:18',27.437),('2024-06-03 17:00:19',27.375),('2024-06-03 17:00:21',27.375),('2024-06-03 17:00:23',27.312),('2024-06-03 17:00:25',27.312),('2024-06-03 17:00:27',27.25),('2024-06-03 17:00:28',27.25),('2024-06-03 17:00:30',27.25),('2024-06-03 17:00:32',27.187),('2024-06-03 17:00:34',27.187),('2024-06-03 17:00:36',27.187),('2024-06-03 17:00:38',27.125),('2024-06-03 17:00:39',27.125),('2024-06-03 17:00:41',27.125),('2024-06-03 17:00:43',27.062),('2024-06-03 17:00:45',27.125),('2024-06-03 17:00:47',27.062),('2024-06-03 17:00:49',27),('2024-06-03 17:00:50',27),('2024-06-03 17:00:52',26.937),('2024-06-03 17:00:54',26.937),('2024-06-03 17:00:56',26.875),('2024-06-03 17:00:58',26.875),('2024-06-03 17:00:59',26.812),('2024-06-03 17:01:01',26.812),('2024-06-03 17:01:03',26.75),('2024-06-03 17:01:05',26.75),('2024-06-03 17:01:07',26.75),('2024-06-03 17:01:09',26.687),('2024-06-03 17:01:10',26.687),('2024-06-03 17:01:12',26.687),('2024-06-03 17:01:14',26.687),('2024-06-03 17:01:16',26.625),('2024-06-03 17:01:18',26.625),('2024-06-03 17:01:20',26.562),('2024-06-03 17:01:21',26.5),('2024-06-03 17:01:23',26.562),('2024-06-03 17:01:25',26.625),('2024-06-03 17:01:27',26.5),('2024-06-03 17:01:29',27.312),('2024-06-03 17:01:30',28.375),('2024-06-03 17:01:32',28.875),('2024-06-03 17:01:34',29.125),('2024-06-03 17:01:36',29.375),('2024-06-03 17:01:38',29.625),('2024-06-03 17:01:40',30),('2024-06-03 17:01:41',30.25),('2024-06-03 17:01:43',30.312),('2024-06-03 17:01:45',30.312),('2024-06-03 17:01:47',30.25),('2024-06-03 17:01:49',30.25),('2024-06-03 17:01:51',30.187),('2024-06-03 17:01:52',30.125),('2024-06-03 17:01:54',30.125),('2024-06-03 17:01:56',30),('2024-06-03 17:01:58',30),('2024-06-03 17:02:00',29.937),('2024-06-03 17:02:02',29.875),('2024-06-03 17:02:03',29.812),('2024-06-03 17:02:05',29.812),('2024-06-03 17:02:07',29.75),('2024-06-03 17:02:09',29.687),('2024-06-03 17:02:11',29.625),('2024-06-03 17:02:12',29.562),('2024-06-03 17:02:14',29.5),('2024-06-03 17:02:16',29.5),('2024-06-03 17:02:18',29.375),('2024-06-03 17:02:20',29.375),('2024-06-03 17:02:22',29.312),('2024-06-03 17:02:23',29.25),('2024-06-03 17:02:25',29.187),('2024-06-03 17:02:27',29.125),('2024-06-03 17:02:29',29.062),('2024-06-03 17:02:31',29),('2024-06-03 17:02:33',29),('2024-06-03 17:02:34',28.937),('2024-06-03 17:02:36',29),('2024-06-03 17:02:38',28.875),('2024-06-03 17:02:40',28.75),('2024-06-03 17:02:42',28.75),('2024-06-03 17:02:43',28.687),('2024-06-03 17:02:45',28.625),('2024-06-03 17:02:47',28.625),('2024-06-03 17:02:49',28.562),('2024-06-03 17:02:51',28.5),('2024-06-03 17:02:53',28.5),('2024-06-03 17:02:54',28.437),('2024-06-03 17:02:56',28.437),('2024-06-03 17:02:58',28.375),('2024-06-03 17:03:00',28.312),('2024-06-03 17:03:02',28.312),('2024-06-03 17:03:04',28.25),('2024-06-03 17:03:05',28.187),('2024-06-03 17:03:07',28.187),('2024-06-03 17:03:09',28.125),('2024-06-03 17:03:11',28.125),('2024-06-03 17:03:13',28.125),('2024-06-03 17:03:14',28),('2024-06-03 17:03:16',28),('2024-06-03 17:03:18',27.937),('2024-06-03 17:03:20',27.875),('2024-06-03 17:03:22',27.875),('2024-06-03 17:03:24',27.812),('2024-06-03 17:03:25',27.812),('2024-06-03 17:03:27',27.75),('2024-06-03 17:03:29',27.75),('2024-06-03 17:03:31',27.75),('2024-06-03 17:03:33',27.687),('2024-06-03 17:03:35',27.625),('2024-06-03 17:03:36',27.625),('2024-06-03 17:03:38',27.625),('2024-06-03 17:03:40',27.562),('2024-06-03 17:03:42',27.5),('2024-06-03 17:03:44',27.562),('2024-06-03 17:03:46',27.437),('2024-06-03 17:03:47',27.375),('2024-06-03 17:03:49',27.312),('2024-06-03 17:03:51',27.25),('2024-06-03 17:03:53',27.25),('2024-06-03 17:03:55',27.187),('2024-06-03 17:03:56',27.187),('2024-06-03 17:03:58',27.125),('2024-06-03 17:04:00',27.062),('2024-06-03 17:04:02',27.062),('2024-06-03 17:04:04',27),('2024-06-03 17:04:06',27),('2024-06-03 17:04:07',26.937),('2024-06-03 17:04:09',26.937),('2024-06-03 17:04:11',26.875),('2024-06-03 17:04:13',26.875),('2024-06-03 17:04:15',26.812),('2024-06-03 17:04:17',26.75),('2024-06-03 17:04:18',26.75),('2024-06-03 17:04:20',26.687),('2024-06-03 17:04:22',26.687),('2024-06-03 17:04:24',26.562),('2024-06-03 17:04:26',26.562),('2024-06-03 17:04:27',26.562),('2024-06-03 17:04:29',26.562),('2024-06-03 17:04:31',26.5),('2024-06-03 17:04:33',26.5),('2024-06-03 17:04:35',26.437),('2024-06-03 17:04:37',26.437),('2024-06-03 17:04:38',26.437),('2024-06-03 17:04:40',26.437),('2024-06-03 17:04:42',26.375),('2024-06-03 17:04:44',26.375),('2024-06-03 17:04:46',26.375),('2024-06-03 17:04:48',26.25),('2024-06-03 17:04:49',26.25),('2024-06-03 17:04:51',26.25),('2024-06-03 17:04:53',26.25),('2024-06-03 17:04:55',26.187),('2024-06-03 17:04:57',26.187),('2024-06-03 17:04:58',26.187),('2024-06-03 17:05:00',26.187),('2024-06-03 17:05:02',26.125),('2024-06-03 17:05:04',26.062),('2024-06-03 17:05:06',26.125),('2024-06-03 17:05:08',26.062),('2024-06-03 17:05:09',26.062),('2024-06-03 17:05:11',26.062),('2024-06-03 17:05:13',26),('2024-06-03 17:05:15',26.062),('2024-06-03 17:05:17',26),('2024-06-03 17:05:19',25.937),('2024-06-03 17:05:20',25.937),('2024-06-03 17:05:22',25.937),('2024-06-03 17:05:24',25.875),('2024-06-03 17:05:26',25.875),('2024-06-03 17:05:28',25.812),('2024-06-03 17:05:30',25.812),('2024-06-03 17:05:31',25.812),('2024-06-03 17:05:33',25.75),('2024-06-03 17:05:35',25.75),('2024-06-03 17:05:37',25.75),('2024-06-03 17:05:39',25.75),('2024-06-03 17:05:40',25.812),('2024-06-03 17:05:42',25.687),('2024-06-03 17:05:44',25.687),('2024-06-03 17:05:46',25.687),('2024-06-03 17:05:48',25.625),('2024-06-03 17:05:50',25.625),('2024-06-03 17:05:51',25.625),('2024-06-03 17:05:53',25.625),('2024-06-03 17:05:55',25.625),('2024-06-03 17:05:57',25.625),('2024-06-03 17:05:59',25.625),('2024-06-03 17:06:01',25.562),('2024-06-03 17:06:02',25.562),('2024-06-03 17:06:04',25.5),('2024-06-03 17:06:06',25.5),('2024-06-03 17:06:08',25.562),('2024-06-03 17:06:10',25.5),('2024-06-03 17:06:11',25.437),('2024-06-03 17:06:13',25.5),('2024-06-03 17:06:15',25.437),('2024-06-03 17:06:17',25.375),('2024-06-03 17:06:19',25.437),('2024-06-03 17:06:21',25.375),('2024-06-03 17:06:22',25.375),('2024-06-03 17:06:24',25.375),('2024-06-03 17:06:26',25.375),('2024-06-03 17:06:28',25.312),('2024-06-03 17:06:30',25.375),('2024-06-03 17:06:32',25.312),('2024-06-03 17:06:33',25.312),('2024-06-03 17:06:35',25.25),('2024-06-03 17:06:37',25.25),('2024-06-03 17:06:39',25.25),('2024-06-03 17:06:41',25.25),('2024-06-03 17:06:42',25.25),('2024-06-03 17:06:44',25.25),('2024-06-03 17:06:46',25.25),('2024-06-03 17:06:48',25.25),('2024-06-03 17:06:50',25.25),('2024-06-03 17:06:52',25.25),('2024-06-03 17:06:53',25.187),('2024-06-03 17:06:55',25.187),('2024-06-03 17:06:57',25.187),('2024-06-03 17:06:59',25.187),('2024-06-03 17:07:01',25.25),('2024-06-03 17:07:03',25.187),('2024-06-03 17:07:04',25.187),('2024-06-03 17:07:06',25.125),('2024-06-03 17:07:08',25.062),('2024-06-03 17:07:10',25.125),('2024-06-03 17:07:12',25.062),('2024-06-03 17:07:13',25.062),('2024-06-03 17:07:15',25.062),('2024-06-03 17:07:17',25.187),('2024-06-03 17:07:19',25.062),('2024-06-03 17:07:21',25.062),('2024-06-03 17:07:23',25.062),('2024-06-03 17:07:24',25),('2024-06-03 17:07:26',25),('2024-06-03 17:07:28',25),('2024-06-03 17:07:30',25),('2024-06-03 17:07:32',25),('2024-06-03 17:07:34',25),('2024-06-03 17:07:35',25),('2024-06-03 17:07:37',25),('2024-06-03 17:07:39',25),('2024-06-03 17:07:41',24.937),('2024-06-03 17:07:43',24.937),('2024-06-03 17:07:44',24.937),('2024-06-03 17:07:46',24.937),('2024-06-03 17:07:48',24.937),('2024-06-03 17:07:50',24.937),('2024-06-03 17:07:52',24.875),('2024-06-03 17:07:54',25),('2024-06-03 17:07:55',24.937),('2024-06-03 17:07:57',24.937),('2024-06-03 17:07:59',24.875),('2024-06-03 17:08:01',24.875),('2024-06-03 17:08:03',24.937),('2024-06-03 17:08:05',24.875),('2024-06-03 17:08:06',24.937),('2024-06-03 17:08:08',24.875),('2024-06-03 17:08:10',24.875),('2024-06-03 17:08:12',24.875),('2024-06-03 17:08:14',24.812),('2024-06-03 17:08:15',24.875),('2024-06-03 17:08:17',24.812),('2024-06-03 17:08:19',24.875),('2024-06-03 17:08:21',24.812),('2024-06-03 17:08:23',24.812),('2024-06-03 17:08:25',24.812),('2024-06-03 17:08:26',24.812),('2024-06-03 17:08:28',24.812),('2024-06-03 17:08:30',24.75),('2024-06-03 17:08:32',24.75),('2024-06-03 17:08:34',24.75),('2024-06-03 17:08:36',24.75),('2024-06-03 17:08:37',24.75),('2024-06-03 17:08:39',24.75),('2024-06-03 17:08:41',24.75),('2024-06-03 17:08:43',24.75),('2024-06-03 17:08:45',24.75),('2024-06-03 17:08:46',24.687),('2024-06-03 17:08:48',24.687),('2024-06-03 17:08:50',24.687),('2024-06-03 17:08:52',24.687),('2024-06-03 17:08:54',24.687),('2024-06-03 17:08:56',24.687),('2024-06-03 17:08:57',24.687),('2024-06-03 17:08:59',24.687),('2024-06-03 17:09:01',24.687),('2024-06-03 17:09:03',24.687),('2024-06-03 17:09:05',24.625),('2024-06-03 17:09:07',24.625),('2024-06-03 17:09:08',24.625),('2024-06-03 17:09:10',24.562),('2024-06-03 17:09:12',24.625),('2024-06-03 17:09:14',24.625),('2024-06-03 17:09:16',24.625),('2024-06-03 17:09:18',24.562),('2024-06-03 17:09:19',24.562),('2024-06-03 17:09:21',24.562),('2024-06-03 17:09:23',24.562),('2024-06-03 17:09:25',24.562),('2024-06-03 17:09:27',24.562),('2024-06-03 17:09:28',24.562),('2024-06-03 17:09:30',24.5),('2024-06-03 17:09:32',24.562),('2024-06-03 17:09:34',24.5),('2024-06-03 17:09:36',24.5),('2024-06-03 17:09:38',24.5),('2024-06-03 17:09:39',24.5),('2024-06-03 17:09:41',24.5),('2024-06-03 17:09:43',24.5),('2024-06-03 17:09:45',24.5),('2024-06-03 17:09:47',24.5),('2024-06-03 17:09:49',24.5),('2024-06-03 17:09:50',24.5),('2024-06-03 17:09:52',24.5),('2024-06-03 17:09:54',24.562),('2024-06-03 17:09:56',24.5),('2024-06-03 17:09:58',24.5),('2024-06-03 17:09:59',24.437),('2024-06-03 17:10:01',24.437),('2024-06-03 17:10:03',24.5),('2024-06-03 17:10:05',24.437),('2024-06-03 17:10:07',24.437),('2024-06-03 17:10:09',24.437),('2024-06-03 17:10:10',24.437),('2024-06-03 17:10:12',24.5),('2024-06-03 17:10:14',24.437),('2024-06-03 17:10:16',24.437),('2024-06-03 17:10:18',24.437),('2024-06-03 17:10:20',24.437),('2024-06-03 17:10:21',24.437),('2024-06-03 17:10:23',24.437),('2024-06-03 17:10:25',24.437),('2024-06-03 17:10:27',24.437),('2024-06-03 17:10:29',24.437),('2024-06-03 17:10:30',24.437),('2024-06-03 17:10:32',24.437),('2024-06-03 17:10:34',24.437),('2024-06-03 17:10:36',24.437),('2024-06-03 17:10:38',24.5),('2024-06-03 17:10:40',24.437),('2024-06-03 17:10:41',24.437),('2024-06-03 17:10:43',24.437),('2024-06-03 17:10:45',24.437),('2024-06-03 17:10:47',24.375),('2024-06-03 17:10:49',24.437),('2024-06-03 17:10:51',24.375),('2024-06-03 17:10:52',24.375),('2024-06-03 17:10:54',24.437),('2024-06-03 17:10:56',24.375),('2024-06-03 17:10:58',24.375),('2024-06-03 17:11:00',24.375),('2024-06-03 17:11:02',24.375),('2024-06-03 17:11:03',24.375),('2024-06-03 17:11:05',24.375),('2024-06-03 17:11:07',24.375),('2024-06-03 17:11:09',24.375),('2024-06-03 17:11:11',24.375),('2024-06-03 17:11:12',24.375),('2024-06-03 17:11:14',24.375),('2024-06-03 17:11:16',24.375),('2024-06-03 17:11:18',24.375),('2024-06-03 17:11:20',24.375),('2024-06-03 17:11:22',24.375),('2024-06-03 17:11:23',24.312),('2024-06-03 17:11:25',24.375),('2024-06-03 17:11:27',24.375),('2024-06-03 17:11:29',24.375),('2024-06-03 17:11:31',24.375),('2024-06-03 17:11:33',24.375),('2024-06-03 17:11:34',24.375),('2024-06-03 17:11:36',24.312),('2024-06-03 17:11:38',24.375),('2024-06-03 17:11:40',24.25),('2024-06-03 17:11:42',24.312),('2024-06-03 17:11:43',24.25),('2024-06-03 17:11:45',24.312),('2024-06-03 17:11:47',24.312),('2024-06-03 17:11:49',24.25),('2024-06-03 17:11:51',24.312),('2024-06-03 17:11:53',24.312),('2024-06-03 17:11:54',24.312),('2024-06-03 17:11:56',24.25),('2024-06-03 17:11:58',24.312),('2024-06-03 17:12:00',24.312),('2024-06-03 17:12:02',24.312),('2024-06-03 17:12:04',24.312),('2024-06-03 17:12:05',24.312),('2024-06-03 17:12:07',24.312),('2024-06-03 17:12:09',24.312),('2024-06-03 17:12:11',24.25),('2024-06-03 17:12:13',24.312),('2024-06-03 17:12:14',24.312),('2024-06-03 17:12:16',24.312),('2024-06-03 17:12:18',24.312),('2024-06-03 17:12:20',24.312),('2024-06-03 17:12:22',24.312),('2024-06-03 17:12:24',24.25),('2024-06-03 17:12:25',24.25),('2024-06-03 17:12:27',24.25),('2024-06-03 17:12:29',24.25),('2024-06-03 17:12:31',24.25),('2024-06-03 17:12:33',24.25),('2024-06-03 17:12:35',24.25),('2024-06-03 17:12:36',24.25),('2024-06-03 17:12:38',24.312),('2024-06-03 17:12:40',24.187),('2024-06-03 17:12:42',24.25),('2024-06-03 17:12:44',24.187),('2024-06-03 17:12:45',24.25),('2024-06-03 17:12:47',24.125),('2024-06-03 17:12:49',24.187),('2024-06-03 17:12:51',24.187),('2024-06-03 17:12:53',24.187),('2024-06-03 17:12:55',24.187),('2024-06-03 17:12:56',24.187),('2024-06-03 17:12:58',24.187),('2024-06-03 17:13:00',24.187),('2024-06-03 17:13:02',24.187),('2024-06-03 17:13:04',24.125),('2024-06-03 17:13:06',24.125),('2024-06-03 17:13:07',24.125),('2024-06-03 17:13:09',24.125),('2024-06-03 17:13:11',24.125),('2024-06-03 17:13:13',24.125),('2024-06-03 17:13:15',24.125),('2024-06-03 17:13:16',24.125),('2024-06-03 17:13:18',24.125),('2024-06-03 17:13:20',24.125),('2024-06-03 17:13:22',24.187),('2024-06-03 17:13:24',24.125),('2024-06-03 17:13:26',24.125),('2024-06-03 17:13:27',24.125),('2024-06-03 17:13:29',24.125),('2024-06-03 17:13:31',24.062),('2024-06-03 17:13:33',24.125),('2024-06-03 17:13:35',24.062),('2024-06-03 17:13:37',24.062),('2024-06-03 17:13:38',24.062),('2024-06-03 17:13:40',24.062),('2024-06-03 17:13:42',24.062),('2024-06-03 17:13:44',24.062),('2024-06-03 17:13:46',24.062),('2024-06-03 17:13:47',24.062),('2024-06-03 17:13:49',24.125),('2024-06-03 17:13:51',24.062),('2024-06-03 17:13:53',24.062),('2024-06-03 17:13:55',24.062),('2024-06-03 17:13:57',24.062),('2024-06-03 17:13:58',24.125),('2024-06-03 17:14:00',24.062),('2024-06-03 17:14:02',24.062),('2024-06-03 17:14:04',24.062),('2024-06-03 17:14:06',24.062),('2024-06-03 17:14:08',24.062),('2024-06-03 17:14:09',24.062),('2024-06-03 17:14:11',24.062),('2024-06-03 17:14:13',24.062),('2024-06-03 17:14:15',24.062),('2024-06-03 17:14:17',24.062),('2024-06-03 17:14:18',24.062),('2024-06-03 17:14:20',24.062),('2024-06-03 17:14:22',24.062),('2024-06-03 17:14:24',24.062),('2024-06-03 17:14:26',24.062),('2024-06-03 17:14:28',24.062),('2024-06-03 17:14:29',24),('2024-06-03 17:14:31',24.062),('2024-06-03 17:14:33',24),('2024-06-03 17:14:35',24.062),('2024-06-03 17:14:37',24),('2024-06-03 17:14:39',24),('2024-06-03 17:14:40',24),('2024-06-03 17:14:42',24),('2024-06-03 17:14:44',24),('2024-06-03 17:14:46',24),('2024-06-03 17:14:48',24),('2024-06-03 17:14:50',24),('2024-06-03 17:14:51',24),('2024-06-03 17:14:53',24),('2024-06-03 17:14:55',23.937),('2024-06-03 17:14:57',24),('2024-06-03 17:14:59',24.062),('2024-06-03 17:15:00',23.937),('2024-06-03 17:15:02',24),('2024-06-03 17:15:04',24),('2024-06-03 17:15:06',24),('2024-06-03 17:15:08',24),('2024-06-03 17:15:10',24),('2024-06-03 17:15:11',24),('2024-06-03 17:15:13',24),('2024-06-03 17:15:15',24),('2024-06-03 17:15:17',24),('2024-06-03 17:15:19',24),('2024-06-03 17:15:21',24.062),('2024-06-03 17:15:22',24),('2024-06-03 17:15:24',24),('2024-06-03 17:15:26',24),('2024-06-03 17:15:28',24.062),('2024-06-03 17:15:30',23.937),('2024-06-03 17:15:31',24),('2024-06-03 17:15:33',24.062),('2024-06-03 17:15:35',24.062),('2024-06-03 17:15:37',24.062),('2024-06-03 17:15:39',24.062),('2024-06-03 17:15:41',24.062),('2024-06-03 17:15:42',24.062),('2024-06-03 17:15:44',24.062),('2024-06-03 17:15:46',24.062),('2024-06-03 17:15:48',24.062),('2024-06-03 17:15:50',24.062),('2024-06-03 17:15:52',24.062),('2024-06-03 17:15:53',24.062),('2024-06-03 17:15:55',24.062),('2024-06-03 17:15:57',24.062),('2024-06-03 17:15:59',24),('2024-06-03 17:16:01',24),('2024-06-03 17:16:03',24),('2024-06-03 17:16:04',24.062),('2024-06-03 17:16:06',24),('2024-06-03 17:16:08',24),('2024-06-03 17:16:10',24),('2024-06-03 17:16:12',24),('2024-06-03 17:16:13',24),('2024-06-03 17:16:15',24),('2024-06-03 17:16:17',24),('2024-06-03 17:16:19',24),('2024-06-03 17:16:21',24),('2024-06-03 17:16:23',24),('2024-06-03 17:16:24',24),('2024-06-03 17:16:26',24),('2024-06-03 17:16:28',23.937),('2024-06-03 17:16:30',23.937),('2024-06-03 17:16:32',23.937),('2024-06-03 17:16:34',24),('2024-06-03 17:16:35',23.937),('2024-06-03 17:16:37',23.937),('2024-06-03 17:16:39',23.937),('2024-06-03 17:16:41',23.937),('2024-06-03 17:16:43',23.937),('2024-06-03 17:16:44',23.937),('2024-06-03 17:16:46',23.937),('2024-06-03 17:16:48',23.937),('2024-06-03 17:16:50',23.937),('2024-06-03 17:16:52',23.937),('2024-06-03 17:16:54',23.937),('2024-06-03 17:16:55',23.937),('2024-06-03 17:16:57',23.937),('2024-06-03 17:16:59',23.937),('2024-06-03 17:17:01',23.937),('2024-06-03 17:17:03',24),('2024-06-03 17:17:05',23.937),('2024-06-03 17:17:06',23.937),('2024-06-03 17:17:08',23.937),('2024-06-03 17:17:10',24),('2024-06-03 17:17:12',23.937),('2024-06-03 17:17:14',24),('2024-06-03 17:17:16',24),('2024-06-03 17:17:17',24),('2024-06-03 17:17:19',24),('2024-06-03 17:17:21',24),('2024-06-03 17:17:23',24),('2024-06-03 17:17:25',24.062),('2024-06-03 17:17:26',23.937),('2024-06-03 17:17:28',24),('2024-06-03 17:17:30',24),('2024-06-03 17:17:32',24),('2024-06-03 17:17:34',24),('2024-06-03 17:17:36',24),('2024-06-03 17:17:37',24),('2024-06-03 17:17:39',24),('2024-06-03 17:17:41',24),('2024-06-03 17:17:43',24),('2024-06-03 17:17:45',24),('2024-06-03 17:17:47',24.062),('2024-06-03 17:17:48',24),('2024-06-03 17:17:50',24.062),('2024-06-03 17:17:52',24),('2024-06-03 17:17:54',24.062),('2024-06-03 17:17:56',24.062),('2024-06-03 17:17:57',24),('2024-06-03 17:17:59',24),('2024-06-03 17:18:01',24.062),('2024-06-03 17:18:03',24.062),('2024-06-03 17:18:05',24),('2024-06-03 17:18:07',23.937),('2024-06-03 17:18:08',24),('2024-06-03 17:18:10',24),('2024-06-03 17:18:12',24.062),('2024-06-03 17:18:14',24),('2024-06-03 17:18:16',24),('2024-06-03 17:18:18',24),('2024-06-03 17:18:19',24),('2024-06-03 17:18:21',23.937),('2024-06-03 17:18:23',24.062),('2024-06-03 17:18:25',24),('2024-06-03 17:18:27',24),('2024-06-03 17:18:28',24),('2024-06-03 17:18:30',24),('2024-06-03 17:18:32',24),('2024-06-03 17:18:34',24.062),('2024-06-03 17:18:36',24),('2024-06-03 17:18:38',23.937),('2024-06-03 17:18:39',23.937),('2024-06-03 17:18:41',24),('2024-06-03 17:18:43',24),('2024-06-03 17:18:45',24),('2024-06-03 17:18:47',24),('2024-06-03 17:18:49',24),('2024-06-03 17:18:50',24),('2024-06-03 17:18:52',24),('2024-06-03 17:18:54',24),('2024-06-03 17:18:56',24),('2024-06-03 17:18:58',23.937),('2024-06-03 17:19:00',24.062),('2024-06-03 17:19:01',23.937),('2024-06-03 17:19:03',24),('2024-06-03 17:19:05',23.937),('2024-06-03 17:19:07',23.937),('2024-06-03 17:19:09',23.937),('2024-06-03 17:19:10',23.937),('2024-06-03 17:19:12',23.937),('2024-06-03 17:19:14',23.937),('2024-06-03 17:19:16',23.937),('2024-06-03 17:19:18',23.937),('2024-06-03 17:19:20',23.937),('2024-06-03 17:19:21',23.937),('2024-06-03 17:19:23',23.937),('2024-06-03 17:19:25',23.937),('2024-06-03 17:19:27',23.937),('2024-06-03 17:19:29',23.937),('2024-06-03 17:19:31',24),('2024-06-03 17:19:32',23.937),('2024-06-03 17:19:34',24),('2024-06-03 17:19:36',24),('2024-06-03 17:19:38',23.937),('2024-06-03 17:19:40',23.937),('2024-06-03 17:19:41',23.937),('2024-06-03 17:19:43',23.937),('2024-06-03 17:19:45',23.937),('2024-06-03 17:19:47',23.937),('2024-06-03 17:19:49',23.937),('2024-06-03 17:19:51',24),('2024-06-03 17:19:52',24),('2024-06-03 17:19:54',23.937),('2024-06-03 17:19:56',23.937),('2024-06-03 17:19:58',23.937),('2024-06-03 17:20:00',24.062),('2024-06-03 17:20:02',23.937),('2024-06-03 17:20:03',23.937),('2024-06-03 17:20:05',23.937),('2024-06-03 17:20:07',24),('2024-06-03 17:20:09',23.937),('2024-06-03 17:20:11',24),('2024-06-03 17:20:12',24),('2024-06-03 17:20:14',23.937),('2024-06-03 17:20:16',24),('2024-06-03 17:20:18',24),('2024-06-03 17:20:20',24),('2024-06-03 17:20:22',24),('2024-06-03 17:20:23',24),('2024-06-03 17:20:25',24),('2024-06-03 17:20:27',24),('2024-06-03 17:20:29',24),('2024-06-03 17:20:31',24),('2024-06-03 17:20:33',24),('2024-06-03 17:20:34',24),('2024-06-03 17:20:36',24.062),('2024-06-03 17:20:38',24),('2024-06-03 17:20:40',24),('2024-06-03 17:20:42',24),('2024-06-03 17:20:43',24),('2024-06-03 17:20:45',24),('2024-06-03 17:20:47',24),('2024-06-03 17:20:49',24),('2024-06-03 17:20:51',24),('2024-06-03 17:20:53',24),('2024-06-03 17:20:54',24.062),('2024-06-03 17:20:56',24),('2024-06-03 17:20:58',24),('2024-06-03 17:21:00',24),('2024-06-03 17:21:02',24),('2024-06-03 17:21:04',24),('2024-06-03 17:21:05',24),('2024-06-03 17:21:07',24),('2024-06-03 17:21:09',24),('2024-06-03 17:21:11',24),('2024-06-03 17:21:13',24.062),('2024-06-03 17:21:14',24),('2024-06-03 17:21:16',24),('2024-06-03 17:21:18',24),('2024-06-03 17:21:20',24),('2024-06-03 17:21:22',24),('2024-06-03 17:21:24',24),('2024-06-03 17:21:25',24),('2024-06-03 17:21:27',24),('2024-06-03 17:21:29',24),('2024-06-03 17:21:31',24),('2024-06-03 17:21:33',23.937),('2024-06-03 17:21:35',23.937),('2024-06-03 17:21:36',24),('2024-06-03 17:21:38',23.937),('2024-06-03 17:21:40',23.937),('2024-06-03 17:21:42',24),('2024-06-03 17:21:44',23.937),('2024-06-03 17:21:46',23.937),('2024-06-03 17:21:47',24),('2024-06-03 17:21:49',24),('2024-06-03 17:21:51',24),('2024-06-03 17:21:53',23.937),('2024-06-03 17:21:55',24),('2024-06-03 17:21:56',24),('2024-06-03 17:21:58',23.937),('2024-06-03 17:22:00',23.937),('2024-06-03 17:22:02',24),('2024-06-03 17:22:04',24),('2024-06-03 17:22:06',24.062),('2024-06-03 17:22:07',23.937),('2024-06-03 17:22:09',24),('2024-06-03 17:22:11',23.937),('2024-06-03 17:22:13',24),('2024-06-03 17:22:15',24),('2024-06-03 17:22:17',23.937),('2024-06-03 17:22:18',24),('2024-06-03 17:22:20',23.937),('2024-06-03 17:22:22',23.937),('2024-06-03 17:22:24',23.937),('2024-06-03 17:22:26',23.937),('2024-06-03 17:22:27',23.937),('2024-06-03 17:22:29',23.937),('2024-06-03 17:22:31',23.937),('2024-06-03 17:22:33',23.937),('2024-06-03 17:22:35',23.937),('2024-06-03 17:22:37',23.937),('2024-06-03 17:22:38',23.937),('2024-06-03 17:22:40',23.937),('2024-06-03 17:22:42',24.062),('2024-06-03 17:22:44',24),('2024-06-03 17:22:46',23.937),('2024-06-03 17:22:48',24),('2024-06-03 17:22:49',23.937),('2024-06-03 17:22:51',24),('2024-06-03 17:22:53',23.937),('2024-06-03 17:22:55',23.937),('2024-06-03 17:22:57',24),('2024-06-03 17:22:58',23.937),('2024-06-03 17:23:00',23.937),('2024-06-03 17:23:02',23.937),('2024-06-03 17:23:04',23.937),('2024-06-03 17:23:06',23.937),('2024-06-03 17:23:08',23.937),('2024-06-03 17:23:09',23.937),('2024-06-03 17:23:11',23.937),('2024-06-03 17:23:13',23.937),('2024-06-03 17:23:15',23.937),('2024-06-03 17:23:17',23.937),('2024-06-03 17:23:19',23.937),('2024-06-03 17:23:20',23.937),('2024-06-03 17:23:22',23.937),('2024-06-03 17:23:24',23.937),('2024-06-03 17:23:26',23.937),('2024-06-03 17:23:28',23.937),('2024-06-03 17:23:29',23.937),('2024-06-03 17:23:31',23.937),('2024-06-03 17:23:33',23.937),('2024-06-03 17:23:35',23.937),('2024-06-03 17:23:37',23.937),('2024-06-03 17:23:39',23.937),('2024-06-03 17:23:40',23.937),('2024-06-03 17:23:42',23.937),('2024-06-03 17:23:44',23.937),('2024-06-03 17:23:46',24),('2024-06-03 17:23:48',23.937),('2024-06-03 17:23:50',23.937),('2024-06-03 17:23:51',23.937),('2024-06-03 17:23:53',23.937),('2024-06-03 17:23:55',23.937),('2024-06-03 17:23:57',23.937),('2024-06-03 17:23:59',24),('2024-06-03 17:24:01',24),('2024-06-03 17:24:02',23.937),('2024-06-03 17:24:04',23.937),('2024-06-03 17:24:06',24),('2024-06-03 17:24:08',23.937),('2024-06-03 17:24:10',23.937),('2024-06-03 17:24:11',23.937),('2024-06-03 17:24:13',23.937),('2024-06-03 17:24:15',23.937),('2024-06-03 17:24:17',23.937),('2024-06-03 17:24:19',24),('2024-06-03 17:24:21',24.062),('2024-06-03 17:24:22',23.937),('2024-06-03 17:24:24',24),('2024-06-03 17:24:26',24),('2024-06-03 17:24:28',23.937),('2024-06-03 17:24:30',23.937),('2024-06-03 17:24:32',24),('2024-06-03 17:24:33',23.937),('2024-06-03 17:24:35',24),('2024-06-03 17:24:37',24.062),('2024-06-03 17:24:39',24),('2024-06-03 17:24:41',23.937),('2024-06-03 17:24:42',24),('2024-06-03 17:24:44',24),('2024-06-03 17:24:46',23.937),('2024-06-03 17:24:48',24),('2024-06-03 17:24:50',24),('2024-06-03 17:24:52',24),('2024-06-03 17:24:53',23.937),('2024-06-03 17:24:55',24),('2024-06-03 17:24:57',23.937),('2024-06-03 17:24:59',24),('2024-06-03 17:25:01',24.062),('2024-06-03 17:25:03',24),('2024-06-03 17:25:04',24),('2024-06-03 17:25:06',23.937),('2024-06-03 17:25:08',24),('2024-06-03 17:25:10',24),('2024-06-03 17:25:12',24),('2024-06-03 17:25:13',24),('2024-06-03 17:25:15',24),('2024-06-03 17:25:17',23.937),('2024-06-03 17:25:19',24),('2024-06-03 17:25:21',24),('2024-06-03 17:25:23',24),('2024-06-03 17:25:24',24),('2024-06-03 17:25:26',23.937),('2024-06-03 17:25:28',24),('2024-06-03 17:25:30',24),('2024-06-03 17:25:32',24),('2024-06-03 17:25:34',24),('2024-06-03 17:25:35',24),('2024-06-03 17:25:37',24),('2024-06-03 17:25:39',23.937),('2024-06-03 17:25:41',23.937),('2024-06-03 17:25:43',23.937),('2024-06-03 17:25:45',24),('2024-06-03 17:25:46',23.937),('2024-06-03 17:25:48',23.875),('2024-06-03 17:25:50',23.937),('2024-06-03 17:25:52',23.937),('2024-06-03 17:25:54',23.937),('2024-06-03 17:25:55',23.937),('2024-06-03 17:25:57',23.937),('2024-06-03 17:25:59',23.937),('2024-06-03 17:26:01',23.937),('2024-06-03 17:26:03',23.937),('2024-06-03 17:26:05',24),('2024-06-03 17:26:06',23.937),('2024-06-03 17:26:08',23.937),('2024-06-03 17:26:10',23.937),('2024-06-03 17:26:12',23.937),('2024-06-03 17:26:14',23.937),('2024-06-03 17:26:16',23.937),('2024-06-03 17:26:17',23.937),('2024-06-03 17:26:19',23.937),('2024-06-03 17:26:21',23.937),('2024-06-03 17:26:23',23.937),('2024-06-03 17:26:25',23.937),('2024-06-03 17:26:26',23.937),('2024-06-03 17:26:28',23.937),('2024-06-03 17:26:30',23.937),('2024-06-03 17:26:32',23.937),('2024-06-03 17:26:34',23.875),('2024-06-03 17:26:36',23.937),('2024-06-03 17:26:37',24),('2024-06-03 17:26:39',23.875),('2024-06-03 17:26:41',23.875),('2024-06-03 17:26:43',23.875),('2024-06-03 17:26:45',23.875),('2024-06-03 17:26:47',23.875),('2024-06-03 17:26:48',23.875),('2024-06-03 17:26:50',23.875),('2024-06-03 17:26:52',23.937),('2024-06-03 17:26:54',23.875),('2024-06-03 17:26:56',23.875),('2024-06-03 17:26:58',23.875),('2024-06-03 17:26:59',23.875),('2024-06-03 17:27:01',23.875),('2024-06-03 17:27:03',23.875),('2024-06-03 17:27:05',23.875),('2024-06-03 17:27:07',23.875),('2024-06-03 17:27:08',23.875),('2024-06-03 17:27:10',23.875),('2024-06-03 17:27:12',23.875),('2024-06-03 17:27:14',23.875),('2024-06-03 17:27:16',23.875),('2024-06-03 17:27:18',23.875),('2024-06-03 17:27:19',23.937),('2024-06-03 17:27:21',23.875),('2024-06-03 17:27:23',23.875),('2024-06-03 17:27:25',23.875),('2024-06-03 17:27:27',23.875),('2024-06-03 17:27:29',23.875),('2024-06-03 17:27:30',23.875),('2024-06-03 17:27:32',23.875),('2024-06-03 17:27:34',23.875),('2024-06-03 17:27:36',23.875),('2024-06-03 17:27:38',23.875),('2024-06-03 17:27:39',23.812),('2024-06-03 17:27:41',23.875),('2024-06-03 17:27:43',23.812),('2024-06-03 17:27:45',23.75),('2024-06-03 17:27:47',23.812),('2024-06-03 17:27:49',23.875),('2024-06-03 17:27:50',23.812),('2024-06-03 17:27:52',23.812),('2024-06-03 17:27:54',23.812),('2024-06-03 17:27:56',23.812),('2024-06-03 17:27:58',23.812),('2024-06-03 17:28:00',23.812),('2024-06-03 17:28:01',23.812),('2024-06-03 17:28:03',23.875),('2024-06-03 17:28:05',23.812),('2024-06-03 17:28:07',23.812),('2024-06-03 17:28:09',23.875),('2024-06-03 17:28:10',23.812),('2024-06-03 17:28:12',23.875),('2024-06-03 17:28:14',23.875),('2024-06-03 17:28:16',23.812),('2024-06-03 17:28:18',23.812),('2024-06-03 17:28:20',23.875),('2024-06-03 17:28:21',23.875),('2024-06-03 17:28:23',23.875),('2024-06-03 17:28:25',23.875),('2024-06-03 17:28:27',23.875),('2024-06-03 17:28:29',23.875),('2024-06-03 17:28:31',23.937),('2024-06-03 17:28:32',23.875),('2024-06-03 17:28:34',23.875),('2024-06-03 17:28:36',23.937),('2024-06-03 17:28:38',23.875),('2024-06-03 17:28:40',23.875),('2024-06-03 17:28:41',23.875),('2024-06-03 17:28:43',23.875),('2024-06-03 17:28:45',23.875),('2024-06-03 17:28:47',23.875),('2024-06-03 17:28:49',23.812),('2024-06-03 17:28:51',23.812),('2024-06-03 17:28:52',23.875),('2024-06-03 17:28:54',23.875),('2024-06-03 17:28:56',23.875),('2024-06-03 17:28:58',23.875),('2024-06-03 17:29:00',23.812),('2024-06-03 17:29:02',23.875),('2024-06-03 17:29:03',23.875),('2024-06-03 17:29:05',23.812),('2024-06-03 17:29:07',23.812),('2024-06-03 17:29:09',23.875),('2024-06-03 17:29:11',23.875),('2024-06-03 17:29:12',23.875),('2024-06-03 17:29:14',23.75),('2024-06-03 17:29:16',23.875),('2024-06-03 17:29:18',23.875),('2024-06-03 17:29:20',23.875),('2024-06-03 17:29:22',23.875),('2024-06-03 17:29:23',23.875),('2024-06-03 17:29:25',23.812),('2024-06-03 17:29:27',23.875),('2024-06-03 17:29:29',23.875),('2024-06-03 17:29:31',23.875),('2024-06-03 17:29:33',23.875),('2024-06-03 17:29:34',23.875),('2024-06-03 17:29:36',23.812),('2024-06-03 17:29:38',23.875),('2024-06-03 17:29:40',23.875),('2024-06-03 17:29:42',23.812),('2024-06-03 17:29:43',23.875),('2024-06-03 17:29:45',23.875),('2024-06-03 17:29:47',23.812),('2024-06-03 17:29:49',23.812),('2024-06-03 17:29:51',23.875),('2024-06-03 17:29:53',23.875),('2024-06-03 17:29:54',23.875),('2024-06-03 17:29:56',23.875),('2024-06-03 17:29:58',23.875),('2024-06-03 17:30:00',23.812),('2024-06-03 17:30:02',23.875),('2024-06-03 17:30:04',23.875),('2024-06-03 17:30:05',23.875),('2024-06-03 17:30:07',23.875),('2024-06-03 17:30:09',23.875),('2024-06-03 17:30:11',23.875),('2024-06-03 17:30:13',23.875),('2024-06-03 17:30:14',23.875),('2024-06-03 17:30:16',23.875),('2024-06-03 17:30:18',23.875),('2024-06-03 17:30:20',23.875),('2024-06-03 17:30:22',23.875),('2024-06-03 17:30:24',23.875),('2024-06-03 17:30:25',23.875),('2024-06-03 17:30:27',23.875),('2024-06-03 17:30:29',23.875),('2024-06-03 17:30:31',23.937),('2024-06-03 17:30:33',23.875),('2024-06-03 17:30:35',24),('2024-06-03 17:30:36',24),('2024-06-03 17:30:38',23.937),('2024-06-03 17:30:40',23.875),('2024-06-03 17:30:42',23.937),('2024-06-03 17:30:44',23.937),('2024-06-03 17:30:45',23.937),('2024-06-03 17:30:47',23.875),('2024-06-03 17:30:49',23.875),('2024-06-03 17:30:51',23.937),('2024-06-03 17:30:53',23.875),('2024-06-03 17:30:55',23.937),('2024-06-03 17:30:56',23.875),('2024-06-03 17:30:58',23.875),('2024-06-03 17:31:00',23.937),('2024-06-03 17:31:02',23.875),('2024-06-03 17:31:04',23.875),('2024-06-03 17:31:06',23.937),('2024-06-03 17:31:07',23.937),('2024-06-03 17:31:09',23.937),('2024-06-03 17:31:11',23.937),('2024-06-03 17:31:13',23.937),('2024-06-03 17:31:15',23.937),('2024-06-03 17:31:17',23.937),('2024-06-03 17:31:18',23.937),('2024-06-03 17:31:20',23.937),('2024-06-03 17:31:22',23.937),('2024-06-03 17:31:24',23.937),('2024-06-03 17:31:26',23.937),('2024-06-03 17:31:27',23.937),('2024-06-03 17:31:29',23.937),('2024-06-03 17:31:31',23.937),('2024-06-03 17:31:33',23.937),('2024-06-03 17:31:35',23.875),('2024-06-03 17:31:37',23.937),('2024-06-03 17:31:38',23.937),('2024-06-03 17:31:40',24),('2024-06-03 17:31:42',23.937),('2024-06-03 17:31:44',23.937),('2024-06-03 17:31:46',23.937),('2024-06-03 17:31:48',23.937),('2024-06-03 17:31:49',23.937),('2024-06-03 17:31:51',23.937),('2024-06-03 17:31:53',23.937),('2024-06-03 17:31:55',23.937),('2024-06-03 17:31:57',23.937),('2024-06-03 17:31:58',24),('2024-06-03 17:32:00',23.937),('2024-06-03 17:32:02',23.937),('2024-06-03 17:32:04',23.937),('2024-06-03 17:32:06',23.937),('2024-06-03 17:32:08',23.937),('2024-06-03 17:32:09',23.937),('2024-06-03 17:32:11',23.937),('2024-06-03 17:32:13',23.937),('2024-06-03 17:32:15',23.937),('2024-06-03 17:32:17',23.937),('2024-06-03 17:32:19',23.937),('2024-06-03 17:32:20',23.937),('2024-06-03 17:32:22',23.937),('2024-06-03 17:32:24',23.937),('2024-06-03 17:32:26',23.937),('2024-06-03 17:32:28',23.875),('2024-06-03 17:32:30',23.937),('2024-06-03 17:32:31',23.875),('2024-06-03 17:32:33',23.937),('2024-06-03 17:32:35',23.875),('2024-06-03 17:32:37',23.875),('2024-06-03 17:32:39',23.875),('2024-06-03 17:32:40',23.875),('2024-06-03 17:32:42',23.875),('2024-06-03 17:32:44',23.875),('2024-06-03 17:32:46',23.875),('2024-06-03 17:32:48',23.875),('2024-06-03 17:32:50',23.875),('2024-06-03 17:32:51',23.875),('2024-06-03 17:32:53',23.875),('2024-06-03 17:32:55',23.875),('2024-06-03 17:32:57',23.875),('2024-06-03 17:32:59',23.875),('2024-06-03 17:33:01',23.875),('2024-06-03 17:33:02',23.875),('2024-06-03 17:33:04',23.875),('2024-06-03 17:33:06',23.875),('2024-06-03 17:33:08',23.812),('2024-06-03 17:33:10',23.875),('2024-06-03 17:33:11',23.875),('2024-06-03 17:33:13',23.875),('2024-06-03 17:33:15',23.875),('2024-06-03 17:33:17',23.875),('2024-06-03 17:33:19',23.875),('2024-06-03 17:33:21',23.875),('2024-06-03 17:33:22',23.875),('2024-06-03 17:33:24',23.875),('2024-06-03 17:33:26',23.875),('2024-06-03 17:33:28',23.875),('2024-06-03 17:33:30',23.875),('2024-06-03 17:33:32',23.875),('2024-06-03 17:33:33',23.937),('2024-06-03 17:33:35',23.875),('2024-06-03 17:33:37',23.875),('2024-06-03 17:33:39',23.875),('2024-06-03 17:33:41',23.875),('2024-06-03 17:33:42',23.875),('2024-06-03 17:33:44',23.875),('2024-06-03 17:33:46',23.812),('2024-06-03 17:33:48',23.875),('2024-06-03 17:33:50',23.875),('2024-06-03 17:33:52',23.875),('2024-06-03 17:33:53',23.875),('2024-06-03 17:33:55',23.875),('2024-06-03 17:33:57',23.875),('2024-06-03 17:33:59',23.875),('2024-06-03 17:34:01',23.875),('2024-06-03 17:34:03',23.875),('2024-06-03 17:34:04',23.812),('2024-06-03 17:34:06',23.875),('2024-06-03 17:34:08',23.875),('2024-06-03 17:34:10',23.875),('2024-06-03 17:34:12',23.875),('2024-06-03 17:34:13',23.875),('2024-06-03 17:34:15',23.812),('2024-06-03 17:34:17',23.875),('2024-06-03 17:34:19',23.875),('2024-06-03 17:34:21',23.875),('2024-06-03 17:34:23',23.875),('2024-06-03 17:34:24',23.875),('2024-06-03 17:34:26',23.875),('2024-06-03 17:34:28',23.875),('2024-06-03 17:34:30',23.812),('2024-06-03 17:34:32',23.875),('2024-06-03 17:34:34',23.875),('2024-06-03 17:34:35',23.875),('2024-06-03 17:34:37',23.875),('2024-06-03 17:34:39',23.875),('2024-06-03 17:34:41',23.875),('2024-06-03 17:34:43',23.875),('2024-06-03 17:34:44',23.937),('2024-06-03 17:34:46',23.875),('2024-06-03 17:34:48',24),('2024-06-03 17:34:50',23.875),('2024-06-03 17:34:52',23.937),('2024-06-03 17:34:54',23.937),('2024-06-03 17:34:55',23.812),('2024-06-03 17:34:57',23.875),('2024-06-03 17:34:59',23.937),('2024-06-03 17:35:01',23.937),('2024-06-03 17:35:03',23.937),('2024-06-03 17:35:05',23.937),('2024-06-03 17:35:06',23.937),('2024-06-03 17:35:08',23.937),('2024-06-03 17:35:10',23.937),('2024-06-03 17:35:12',23.937),('2024-06-03 17:35:14',23.937),('2024-06-03 17:35:15',24),('2024-06-03 17:35:17',24),('2024-06-03 17:35:19',24),('2024-06-03 17:35:21',24),('2024-06-03 17:35:23',24),('2024-06-03 17:35:25',23.937),('2024-06-03 17:35:26',24),('2024-06-03 17:35:28',24),('2024-06-03 17:35:30',24),('2024-06-03 17:35:32',24),('2024-06-03 17:35:34',24.062),('2024-06-03 17:35:36',24.062),('2024-06-03 17:35:37',24.062),('2024-06-03 17:35:39',24.062),('2024-06-03 17:35:41',24.062),('2024-06-03 17:35:43',24.062),('2024-06-03 17:35:45',24.062),('2024-06-03 17:35:46',24.125),('2024-06-03 17:35:48',24.062),('2024-06-03 17:35:50',24.125),('2024-06-03 17:35:52',24.125),('2024-06-03 17:35:54',24.125),('2024-06-03 17:35:56',24.125),('2024-06-03 17:35:57',24.125),('2024-06-03 17:35:59',24.125),('2024-06-03 17:36:01',24.187),('2024-06-03 17:36:03',24.125),('2024-06-03 17:36:05',24.125),('2024-06-03 17:36:07',24.125),('2024-06-03 17:36:08',24.125),('2024-06-03 17:36:10',24.125),('2024-06-03 17:36:12',24.125),('2024-06-03 17:36:14',24.125),('2024-06-03 17:36:16',24.125),('2024-06-03 17:36:18',24.125),('2024-06-03 17:36:19',24.125),('2024-06-03 17:36:21',24.125),('2024-06-03 17:36:23',24.125),('2024-06-03 17:36:25',24.125),('2024-06-03 17:36:27',24.125),('2024-06-03 17:36:28',24.125),('2024-06-03 17:36:30',24.125),('2024-06-03 17:36:32',24.125),('2024-06-03 17:36:34',24.062),('2024-06-03 17:36:36',24.062),('2024-06-03 17:36:38',24.125),('2024-06-03 17:36:39',24.125),('2024-06-03 17:36:41',24.125),('2024-06-03 17:36:43',24.062),('2024-06-03 17:36:45',24.125),('2024-06-03 17:36:47',24.125),('2024-06-03 17:36:49',24.125),('2024-06-03 17:36:50',24.062),('2024-06-03 17:36:52',24.125),('2024-06-03 17:36:54',24.125),('2024-06-03 17:36:56',24.125),('2024-06-03 17:36:58',24.125),('2024-06-03 17:36:59',24.187),('2024-06-03 17:37:01',24.125),('2024-06-03 17:37:03',24.125),('2024-06-03 17:37:05',24.125),('2024-06-03 17:37:07',24.125),('2024-06-03 17:37:09',24.125),('2024-06-03 17:37:10',24.125),('2024-06-03 17:37:12',24.125),('2024-06-03 17:37:14',24.125),('2024-06-03 17:37:16',24.187),('2024-06-03 17:37:18',24.125),('2024-06-03 17:37:20',24.125),('2024-06-03 17:37:21',24.125),('2024-06-03 17:37:23',24.125),('2024-06-03 17:37:25',24.125),('2024-06-03 17:37:27',24.187),('2024-06-03 17:37:29',24.125),('2024-06-03 17:37:30',24.125),('2024-06-03 17:37:32',24.125),('2024-06-03 17:37:34',24.125),('2024-06-03 17:37:36',24.187),('2024-06-03 17:37:38',24.125),('2024-06-03 17:37:40',24.125),('2024-06-03 17:37:41',24.125),('2024-06-03 17:37:43',24.125),('2024-06-03 17:37:45',24.125),('2024-06-03 17:37:47',24.125),('2024-06-03 17:37:49',24.125),('2024-06-03 17:37:51',24.125),('2024-06-03 17:37:52',24.125),('2024-06-03 17:37:54',24.187),('2024-06-03 17:37:56',24.125),('2024-06-03 17:37:58',24.125),('2024-06-03 17:38:00',24.125),('2024-06-03 17:38:01',24.125),('2024-06-03 17:38:03',24.187),('2024-06-03 17:38:05',24.125),('2024-06-03 17:38:07',24.125),('2024-06-03 17:38:09',24.125),('2024-06-03 17:38:11',24.125),('2024-06-03 17:38:12',24.125),('2024-06-03 17:38:14',24.187),('2024-06-03 17:38:16',24.125),('2024-06-03 17:38:18',24.125),('2024-06-03 17:38:20',24.125),('2024-06-03 17:38:22',24.187),('2024-06-03 17:38:23',24.125),('2024-06-03 17:38:25',24.125),('2024-06-03 17:38:27',24.125),('2024-06-03 17:38:29',24.125),('2024-06-03 17:38:31',24.125),('2024-06-03 17:38:32',24.187),('2024-06-03 17:38:34',24.125),('2024-06-03 17:38:36',24.125),('2024-06-03 17:38:38',24.187),('2024-06-03 17:38:40',24.125),('2024-06-03 17:38:42',24.187),('2024-06-03 17:38:43',24.187),('2024-06-03 17:38:45',24.187),('2024-06-03 17:38:47',24.187),('2024-06-03 17:38:49',24.187),('2024-06-03 17:38:51',24.187),('2024-06-03 17:38:53',24.187),('2024-06-03 17:38:54',24.187),('2024-06-03 17:38:56',24.187),('2024-06-03 17:38:58',24.187),('2024-06-03 17:39:00',24.187),('2024-06-03 17:39:02',24.187),('2024-06-03 17:39:03',24.187),('2024-06-03 17:39:05',24.187),('2024-06-03 17:39:07',24.187),('2024-06-03 17:39:09',24.187),('2024-06-03 17:39:11',24.187),('2024-06-03 17:39:13',24.125),('2024-06-03 17:39:14',24.187),('2024-06-03 17:39:16',24.187),('2024-06-03 17:39:18',24.187),('2024-06-03 17:39:20',24.187),('2024-06-03 17:39:22',24.187),('2024-06-03 17:39:24',24.187),('2024-06-03 17:39:25',24.187),('2024-06-03 17:39:27',24.187),('2024-06-03 17:39:29',24.187),('2024-06-03 17:39:31',24.187),('2024-06-03 17:39:33',24.125),('2024-06-03 17:39:34',24.187),('2024-06-03 17:39:36',24.187),('2024-06-03 17:39:38',24.125),('2024-06-03 17:39:40',24.187),('2024-06-03 17:39:42',24.187),('2024-06-03 17:39:44',24.187),('2024-06-03 17:39:45',24.187),('2024-06-03 17:39:47',24.187),('2024-06-03 17:39:49',24.187),('2024-06-03 17:39:51',24.125),('2024-06-03 17:39:53',24.187),('2024-06-03 17:39:55',24.187),('2024-06-03 17:39:56',24.187),('2024-06-03 17:39:58',24.187),('2024-06-03 17:40:00',24.125),('2024-06-03 17:40:02',24.125),('2024-06-03 17:40:04',24.125),('2024-06-03 17:40:06',24.125),('2024-06-03 17:40:07',24.187),('2024-06-03 17:40:09',24.187),('2024-06-03 17:40:11',24.125),('2024-06-03 17:40:13',24.187),('2024-06-03 17:40:15',24.187),('2024-06-03 17:40:16',24.187),('2024-06-03 17:40:18',24.187),('2024-06-03 17:40:20',24.187),('2024-06-03 17:40:22',24.187),('2024-06-03 17:40:24',24.125),('2024-06-03 17:40:26',24.187),('2024-06-03 17:40:27',24.187),('2024-06-03 17:40:29',24.187),('2024-06-03 17:40:31',24.125),('2024-06-03 17:40:33',24.25),('2024-06-03 17:40:35',24.187),('2024-06-03 17:40:37',24.187),('2024-06-03 17:40:38',24.187),('2024-06-03 17:40:40',24.187),('2024-06-03 17:40:42',24.187),('2024-06-03 17:40:44',24.187),('2024-06-03 17:40:46',24.187),('2024-06-03 17:40:47',24.125),('2024-06-03 17:40:49',24.187),('2024-06-03 17:40:51',24.125),('2024-06-03 17:40:53',24.187),('2024-06-03 17:40:55',24.187),('2024-06-03 17:40:57',24.187),('2024-06-03 17:40:58',24.25),('2024-06-03 17:41:00',24.187),('2024-06-03 17:41:02',24.125),('2024-06-03 17:41:04',24.187),('2024-06-03 17:41:06',24.187),('2024-06-03 17:41:08',24.187),('2024-06-03 17:41:09',24.187),('2024-06-03 17:41:11',24.187),('2024-06-03 17:41:13',24.187),('2024-06-03 17:41:15',24.187),('2024-06-03 17:41:17',24.187),('2024-06-03 17:41:18',24.187),('2024-06-03 17:41:20',24.187),('2024-06-03 17:41:22',24.125),('2024-06-03 17:41:24',24.187),('2024-06-03 17:41:26',24.25),('2024-06-03 17:41:28',24.187),('2024-06-03 17:41:29',24.187),('2024-06-03 17:41:31',24.187),('2024-06-03 17:41:33',24.187),('2024-06-03 17:41:35',24.187),('2024-06-03 17:41:37',24.187),('2024-06-03 17:41:39',24.187),('2024-06-03 17:41:40',24.125),('2024-06-03 17:41:42',24.25),('2024-06-03 17:41:44',24.187),('2024-06-03 17:41:46',24.187),('2024-06-03 17:41:48',24.187),('2024-06-03 17:41:50',24.125),('2024-06-03 17:41:51',24.187),('2024-06-03 17:41:53',24.25),('2024-06-03 17:41:55',24.125),('2024-06-03 17:41:57',24.187),('2024-06-03 17:41:59',24.187),('2024-06-03 17:42:00',24.187),('2024-06-03 17:42:02',24.125),('2024-06-03 17:42:04',24.125),('2024-06-03 17:42:06',24.125),('2024-06-03 17:42:08',24.187),('2024-06-03 17:42:10',24.125),('2024-06-03 17:42:11',24.125),('2024-06-03 17:42:13',24.125),('2024-06-03 17:42:15',24.125),('2024-06-03 17:42:17',24.187),('2024-06-03 17:42:19',24.125),('2024-06-03 17:42:21',24.125),('2024-06-03 17:42:22',24.187),('2024-06-03 17:42:24',24.125),('2024-06-03 17:42:26',24.125),('2024-06-03 17:42:28',24.187),('2024-06-03 17:42:30',24.125),('2024-06-03 17:42:31',24.125),('2024-06-03 17:42:33',24.125),('2024-06-03 17:42:35',24.125),('2024-06-03 17:42:37',24.125),('2024-06-03 17:42:39',24.125),('2024-06-03 17:42:41',24.125),('2024-06-03 17:42:42',24.187),('2024-06-03 17:42:44',24.125),('2024-06-03 17:42:46',24.125),('2024-06-03 17:42:48',24.125),('2024-06-03 17:42:50',24.125),('2024-06-03 17:42:52',24.125),('2024-06-03 17:42:53',24.125),('2024-06-03 17:42:55',24.125),('2024-06-03 17:42:57',24.125),('2024-06-03 17:42:59',24.125),('2024-06-03 17:43:01',24.125),('2024-06-03 17:43:02',24.125),('2024-06-03 17:43:04',24.125),('2024-06-03 17:43:06',24.125),('2024-06-03 17:43:08',24.125),('2024-06-03 17:43:10',24.125),('2024-06-03 17:43:12',24.125),('2024-06-03 17:43:13',24.125),('2024-06-03 17:43:15',24.125),('2024-06-03 17:43:17',24.125),('2024-06-03 17:43:19',24.187),('2024-06-03 17:43:21',24.125),('2024-06-03 17:43:23',24.125),('2024-06-03 17:43:24',24.125),('2024-06-03 17:43:26',24.125),('2024-06-03 17:43:28',24.125),('2024-06-03 17:43:30',24.125),('2024-06-03 17:43:32',24.125),('2024-06-03 17:43:33',24.187),('2024-06-03 17:43:35',24.125),('2024-06-03 17:43:37',24.125),('2024-06-03 17:43:39',24.125),('2024-06-03 17:43:41',24.125),('2024-06-03 17:43:43',24.125),('2024-06-03 17:43:44',24.125),('2024-06-03 17:43:46',24.125),('2024-06-03 17:43:48',24.125),('2024-06-03 17:43:50',24.187),('2024-06-03 17:43:52',24.187),('2024-06-03 17:43:54',24.125),('2024-06-03 17:43:55',24.187),('2024-06-03 17:43:57',24.187),('2024-06-03 17:43:59',24.125),('2024-06-03 17:44:01',24.187),('2024-06-03 17:44:03',24.187),('2024-06-03 17:44:04',24.187),('2024-06-03 17:44:06',24.187),('2024-06-03 17:44:08',24.187),('2024-06-03 17:44:10',24.125),('2024-06-03 17:44:12',24.187),('2024-06-03 17:44:14',24.187),('2024-06-03 17:44:15',24.187),('2024-06-03 17:44:17',24.187),('2024-06-03 17:44:19',24.187),('2024-06-03 17:44:21',24.187),('2024-06-03 17:44:23',24.125),('2024-06-03 17:44:25',24.187),('2024-06-03 17:44:26',24.187),('2024-06-03 17:44:28',24.187),('2024-06-03 17:44:30',24.187),('2024-06-03 17:44:32',24.187),('2024-06-03 17:44:34',24.187),('2024-06-03 17:44:35',24.187),('2024-06-03 17:44:37',24.125),('2024-06-03 17:44:39',24.187),('2024-06-03 17:44:41',24.125),('2024-06-03 17:44:43',24.125),('2024-06-03 17:44:45',24.125),('2024-06-03 17:44:46',24.125),('2024-06-03 17:44:48',24.125),('2024-06-03 17:44:50',24.125),('2024-06-03 17:44:52',24.125),('2024-06-03 17:44:54',24.125),('2024-06-03 17:44:56',24.125),('2024-06-03 17:44:57',24.125),('2024-06-03 17:44:59',24.125),('2024-06-03 17:45:01',24.125),('2024-06-03 17:45:03',24.125),('2024-06-03 17:45:05',24.125),('2024-06-03 17:45:06',24.125),('2024-06-03 17:45:08',24.125),('2024-06-03 17:45:10',24.125),('2024-06-03 17:45:12',24.125),('2024-06-03 17:45:14',24.125),('2024-06-03 17:45:16',24.125),('2024-06-03 17:45:17',24.125),('2024-06-03 17:45:19',24.125),('2024-06-03 17:45:21',24.125),('2024-06-03 17:45:23',24.062),('2024-06-03 17:45:25',24.125),('2024-06-03 17:45:27',24.125),('2024-06-03 17:45:28',24.125),('2024-06-03 17:45:30',24.125),('2024-06-03 17:45:32',24.125),('2024-06-03 17:45:34',24.125),('2024-06-03 17:45:36',24.125),('2024-06-03 17:45:38',24.125),('2024-06-03 17:45:39',24.125),('2024-06-03 17:45:41',24.125),('2024-06-03 17:45:43',24.125),('2024-06-03 17:45:45',24.125),('2024-06-03 17:45:47',24.125),('2024-06-03 17:45:48',24.125),('2024-06-03 17:45:50',24.125),('2024-06-03 17:45:52',24.125),('2024-06-03 17:45:54',24.125),('2024-06-03 17:45:56',24.125),('2024-06-03 17:45:58',24.062),('2024-06-03 17:45:59',24.125),('2024-06-03 17:46:01',24.125),('2024-06-03 17:46:03',24.125),('2024-06-03 17:46:05',24.062),('2024-06-03 17:46:07',24.125),('2024-06-03 17:46:09',24.125),('2024-06-03 17:46:10',24.062),('2024-06-03 17:46:12',24.062),('2024-06-03 17:46:14',24),('2024-06-03 17:46:16',24.062),('2024-06-03 17:46:18',24.062),('2024-06-03 17:46:19',24.062),('2024-06-03 17:46:21',24.125),('2024-06-03 17:46:23',24.062),('2024-06-03 17:46:25',24.062),('2024-06-03 17:46:27',24.062),('2024-06-03 17:46:29',24.062),('2024-06-03 17:46:30',24.062),('2024-06-03 17:46:32',24.062),('2024-06-03 17:46:34',24.062),('2024-06-03 17:46:36',24.125),('2024-06-03 17:46:38',24.062),('2024-06-03 17:46:40',24.062),('2024-06-03 17:46:41',24.062),('2024-06-03 17:46:43',24.062),('2024-06-03 17:46:45',24.062),('2024-06-03 17:46:47',24.062),('2024-06-03 17:46:49',24.062),('2024-06-03 17:46:50',24),('2024-06-03 17:46:52',24.062),('2024-06-03 17:46:54',24.062),('2024-06-03 17:46:56',24.062),('2024-06-03 17:46:58',24.062),('2024-06-03 17:47:00',24.062),('2024-06-03 17:47:01',24.062),('2024-06-03 17:47:03',24.062),('2024-06-03 17:47:05',24.062),('2024-06-03 17:47:07',24.062),('2024-06-03 17:47:09',24.062),('2024-06-03 17:47:11',24),('2024-06-03 17:47:12',24.062),('2024-06-03 17:47:14',24),('2024-06-03 17:47:16',24),('2024-06-03 17:47:18',24.062),('2024-06-03 17:47:20',24),('2024-06-03 17:47:22',24),('2024-06-03 17:47:23',24.062),('2024-06-03 17:47:25',24.062),('2024-06-03 17:47:27',24),('2024-06-03 17:47:29',24.062),('2024-06-03 17:47:31',24.062),('2024-06-03 17:47:32',24),('2024-06-03 17:47:34',24),('2024-06-03 17:47:36',24.062),('2024-06-03 17:47:38',24.062),('2024-06-03 17:47:40',24.062),('2024-06-03 17:47:42',24),('2024-06-03 17:47:43',24),('2024-06-03 17:47:45',24),('2024-06-03 17:47:47',24),('2024-06-03 17:47:49',24),('2024-06-03 17:47:51',24),('2024-06-03 17:47:53',24.062),('2024-06-03 17:47:54',24),('2024-06-03 17:47:56',24),('2024-06-03 17:47:58',24),('2024-06-03 17:48:00',24),('2024-06-03 17:48:02',24),('2024-06-03 17:48:03',24),('2024-06-03 17:48:05',24),('2024-06-04 08:56:37',29.687),('2024-06-04 08:56:38',29.625),('2024-06-04 08:56:40',29.562),('2024-06-04 08:56:42',29.437),('2024-06-04 08:56:44',29.375),('2024-06-04 08:56:46',29.25),('2024-06-04 08:56:48',29.25),('2024-06-04 08:56:49',29.125),('2024-06-04 08:56:51',29.062),('2024-06-04 08:56:53',29),('2024-06-04 08:56:55',28.937),('2024-06-04 08:56:57',29.125),('2024-06-04 08:56:59',29.25),('2024-06-04 08:57:00',29.437),('2024-06-04 08:57:02',29.562),('2024-06-04 08:57:04',29.625),('2024-06-04 08:57:06',29.75),('2024-06-04 08:57:08',29.937),('2024-06-04 08:57:09',30.187),('2024-06-04 08:57:11',30.437),('2024-06-04 08:57:13',30.562),('2024-06-04 09:03:06',28.625),('2024-06-04 09:03:08',28.625),('2024-06-04 09:03:10',28.687),('2024-06-04 09:03:11',28.75),('2024-06-04 09:03:13',28.625),('2024-06-04 09:03:15',28.687),('2024-06-04 09:03:17',28.75),('2024-06-04 09:03:19',28.687),('2024-06-04 09:03:21',28.687),('2024-06-04 09:03:22',28.687),('2024-06-04 09:03:24',28.687),('2024-06-04 09:03:26',28.687),('2024-06-04 09:03:28',28.687),('2024-06-04 09:03:30',28.687),('2024-06-04 09:03:31',28.687),('2024-06-04 09:03:33',28.687),('2024-06-04 09:03:35',28.687),('2024-06-04 09:03:37',28.625),('2024-06-04 09:03:39',28.625),('2024-06-04 09:03:41',28.562),('2024-06-04 09:03:42',28.562),('2024-06-04 09:03:44',28.687),('2024-06-04 09:03:46',29.125),('2024-06-04 09:03:48',29.125),('2024-06-04 09:03:50',29.125),('2024-06-04 09:03:52',29.125),('2024-06-04 09:03:53',29.062),('2024-06-04 09:03:55',29.062),('2024-06-04 09:03:57',29),('2024-06-04 09:03:59',29),('2024-06-04 09:04:01',28.937),('2024-06-04 09:04:02',28.937),('2024-06-04 09:04:04',28.875),('2024-06-04 09:04:06',28.812),('2024-06-04 09:04:08',28.812),('2024-06-04 09:04:10',28.812),('2024-06-04 09:04:12',28.75),('2024-06-04 09:04:13',28.687),('2024-06-04 09:04:15',28.687),('2024-06-04 09:04:17',28.625),('2024-06-04 09:04:19',28.562),('2024-06-04 09:04:21',28.562),('2024-06-04 09:04:23',28.437),('2024-06-04 09:04:24',28.437),('2024-06-04 09:04:26',28.375),('2024-06-04 09:04:28',28.312),('2024-06-04 09:04:30',28.312),('2024-06-04 09:04:32',28.25),('2024-06-04 09:04:33',28.187),('2024-06-04 09:04:35',28.187),('2024-06-04 09:04:37',28.187),('2024-06-04 09:04:39',28.125),('2024-06-04 09:04:41',28.062),('2024-06-04 09:04:43',28),('2024-06-04 09:04:44',28),('2024-06-04 09:04:46',27.937),('2024-06-04 09:04:48',27.875),('2024-06-04 09:04:50',27.875),('2024-06-04 09:04:52',27.812),('2024-06-04 09:04:54',27.812),('2024-06-04 09:04:55',27.75),('2024-06-04 09:04:57',27.75),('2024-06-04 09:04:59',27.687),('2024-06-04 09:05:01',27.687),('2024-06-04 09:05:03',27.625),('2024-06-04 09:05:05',27.625),('2024-06-04 09:05:06',27.625),('2024-06-04 09:05:08',27.562),('2024-06-04 09:05:10',27.562),('2024-06-04 09:05:12',27.562),('2024-06-04 09:05:14',27.5),('2024-06-04 09:05:15',27.5),('2024-06-04 09:05:17',27.437),('2024-06-04 09:05:19',27.375),('2024-06-04 09:05:21',27.375),('2024-06-04 09:05:23',27.375),('2024-06-04 09:05:25',27.375),('2024-06-04 09:05:26',27.312),('2024-06-04 09:05:28',27.25),('2024-06-04 09:05:30',27.25),('2024-06-04 09:05:32',27.25),('2024-06-04 09:05:34',27.187),('2024-06-04 09:05:36',27.187),('2024-06-04 09:05:37',27.187),('2024-06-04 09:05:39',27.125),('2024-06-04 09:05:41',27.125),('2024-06-04 09:05:43',27.062),('2024-06-04 09:05:45',27.062),('2024-06-04 09:05:46',27.062),('2024-06-04 09:05:48',27),('2024-06-04 09:05:50',27),('2024-06-04 09:05:52',27),('2024-06-04 09:05:54',26.937),('2024-06-04 09:05:56',26.937),('2024-06-04 09:05:57',26.937),('2024-06-04 09:05:59',26.875),('2024-06-04 09:06:01',26.875),('2024-06-04 09:06:03',26.875),('2024-06-04 09:06:05',26.875),('2024-06-04 09:06:07',26.75),('2024-06-04 09:06:08',26.75),('2024-06-04 09:06:10',26.75),('2024-06-04 09:06:12',26.75),('2024-06-04 09:06:14',26.687),('2024-06-04 09:06:16',26.687),('2024-06-04 09:06:17',26.625),('2024-06-04 09:06:19',26.687),('2024-06-04 09:06:21',26.625),('2024-06-04 09:06:23',26.625),('2024-06-04 09:06:25',26.625),('2024-06-04 09:06:27',26.625),('2024-06-04 09:06:28',26.562),('2024-06-04 09:06:30',26.562),('2024-06-04 09:06:32',26.5),('2024-06-04 09:06:34',26.562),('2024-06-04 09:06:36',26.5),('2024-06-04 09:06:38',26.5),('2024-06-04 09:06:39',26.5),('2024-06-04 09:06:41',26.437),('2024-06-04 09:06:43',26.5),('2024-06-04 09:06:45',26.437),('2024-06-04 09:06:47',26.437),('2024-06-04 09:06:48',26.437),('2024-06-04 09:06:50',26.437),('2024-06-04 09:06:52',26.375),('2024-06-04 09:06:54',26.375),('2024-06-04 09:06:56',26.375),('2024-06-04 09:06:58',26.375),('2024-06-04 09:06:59',26.312),('2024-06-04 09:07:01',26.312),('2024-06-04 09:07:03',26.312),('2024-06-04 09:07:05',26.312),('2024-06-04 09:07:07',26.25),('2024-06-04 09:07:09',26.25),('2024-06-04 09:07:10',26.25),('2024-06-04 09:07:12',26.25),('2024-06-04 09:07:14',26.25),('2024-06-04 09:07:16',26.25),('2024-06-04 09:07:18',26.187),('2024-06-04 09:07:19',26.25),('2024-06-04 09:07:21',26.187),('2024-06-04 09:07:23',26.312),('2024-06-04 09:07:25',26.187),('2024-06-04 09:07:27',26.125),('2024-06-04 09:07:29',26.125),('2024-06-04 09:07:30',26.125),('2024-06-04 09:07:32',26.125),('2024-06-04 09:07:34',26.125),('2024-06-04 09:07:36',26.125),('2024-06-04 09:07:38',26.062),('2024-06-04 09:07:40',26.062),('2024-06-04 09:07:41',26.062),('2024-06-04 09:07:43',26),('2024-06-04 09:07:45',26),('2024-06-04 09:07:47',26),('2024-06-04 09:07:49',26),('2024-06-04 09:07:50',26),('2024-06-04 09:07:52',26),('2024-06-04 09:07:54',26),('2024-06-04 09:07:56',25.937),('2024-06-04 09:07:58',25.937),('2024-06-04 09:08:00',25.937),('2024-06-04 09:08:01',25.937),('2024-06-04 09:08:03',25.875),('2024-06-04 09:08:05',25.937),('2024-06-04 09:08:07',25.875),('2024-06-04 09:08:09',25.937),('2024-06-04 09:08:11',25.875),('2024-06-04 09:08:12',25.875),('2024-06-04 09:08:14',25.875),('2024-06-04 09:08:16',25.875),('2024-06-04 09:08:18',25.875),('2024-06-04 09:08:20',25.812),('2024-06-04 09:08:22',25.812),('2024-06-04 09:08:23',25.812),('2024-06-04 09:08:25',25.812),('2024-06-04 09:08:27',25.812),('2024-06-04 09:08:29',25.812),('2024-06-04 09:08:31',25.812),('2024-06-04 09:08:32',25.75),('2024-06-04 09:08:34',25.75),('2024-06-04 09:08:36',25.75),('2024-06-04 09:08:38',25.75),('2024-06-04 09:08:40',25.75),('2024-06-04 09:08:42',25.75),('2024-06-04 09:08:43',25.75),('2024-06-04 09:08:45',25.75),('2024-06-04 09:08:47',25.687),('2024-06-04 09:08:49',25.687),('2024-06-04 09:08:51',25.75),('2024-06-04 09:08:53',25.687),('2024-06-04 09:08:54',25.687),('2024-06-04 09:08:56',25.687),('2024-06-04 09:08:58',25.687),('2024-06-04 09:09:00',25.687),('2024-06-04 09:09:02',25.687),('2024-06-04 09:09:04',25.625),('2024-06-04 09:09:05',25.687),('2024-06-04 09:09:07',25.625),('2024-06-04 09:09:09',25.625),('2024-06-04 09:09:11',25.625),('2024-06-04 09:09:13',25.625),('2024-06-04 09:09:14',25.562),('2024-06-04 09:09:16',25.625),('2024-06-04 09:09:18',25.625),('2024-06-04 09:09:20',25.625),('2024-06-04 09:09:22',25.562),('2024-06-04 09:09:24',25.625),('2024-06-04 09:09:25',25.562),('2024-06-04 09:09:27',25.562),('2024-06-04 09:09:29',25.562),('2024-06-04 09:09:31',25.562),('2024-06-04 09:09:33',25.562),('2024-06-04 09:09:35',25.562),('2024-06-04 09:09:36',25.562),('2024-06-04 09:09:38',25.562),('2024-06-04 09:09:40',25.562),('2024-06-04 09:09:42',25.562),('2024-06-04 09:09:44',25.5),('2024-06-04 09:09:45',25.562),('2024-06-04 09:09:47',25.437),('2024-06-04 09:09:49',25.5),('2024-06-04 09:09:51',25.5),('2024-06-04 09:09:53',25.5),('2024-06-04 09:09:55',25.5),('2024-06-04 09:09:56',25.5),('2024-06-04 09:09:58',25.5),('2024-06-04 09:10:00',25.5),('2024-06-04 09:10:02',25.437),('2024-06-04 09:10:04',25.5),('2024-06-04 09:10:06',25.437),('2024-06-04 09:10:07',25.437),('2024-06-04 09:10:09',25.437),('2024-06-04 09:10:11',25.437),('2024-06-04 09:10:13',25.437),('2024-06-04 09:10:15',25.437),('2024-06-04 09:10:16',25.437),('2024-06-04 09:10:18',25.437),('2024-06-04 09:10:20',25.437),('2024-06-04 09:10:22',25.437),('2024-06-04 09:10:24',25.437),('2024-06-04 09:10:26',25.437),('2024-06-04 09:10:27',25.437),('2024-06-04 09:10:29',25.437),('2024-06-04 09:10:31',25.375),('2024-06-04 09:10:33',25.375),('2024-06-04 09:10:35',25.437),('2024-06-04 09:10:37',25.375),('2024-06-04 09:10:38',25.375),('2024-06-04 09:10:40',25.375),('2024-06-04 09:10:42',25.375),('2024-06-04 09:10:44',25.375),('2024-06-04 09:10:46',25.375),('2024-06-04 09:10:47',25.375),('2024-06-04 09:10:49',25.375),('2024-06-04 09:10:51',25.375),('2024-06-04 09:10:53',25.375),('2024-06-04 09:10:55',25.375),('2024-06-04 09:10:57',25.375),('2024-06-04 09:10:58',25.375),('2024-06-04 09:11:00',25.875),('2024-06-04 09:11:02',26.375),('2024-06-04 09:11:04',27),('2024-06-04 09:11:06',27.625),('2024-06-04 09:11:08',28.062),('2024-06-04 09:11:09',28.562),('2024-06-04 09:11:11',28.937),('2024-06-04 09:11:13',29.312),('2024-06-04 09:11:15',29.625),('2024-06-04 09:11:17',29.937),('2024-06-04 09:11:18',30.125),('2024-06-04 09:11:20',30.25),('2024-06-04 09:11:22',30.312),('2024-06-04 09:11:24',30.312),('2024-06-04 09:11:26',30.25),('2024-06-04 09:11:28',30.187),('2024-06-04 09:11:29',30.125),('2024-06-04 09:11:31',30.062),('2024-06-04 09:11:33',29.937),('2024-06-04 09:11:35',29.937),('2024-06-04 09:11:37',29.875),('2024-06-04 09:11:39',29.75),('2024-06-04 09:11:40',29.75),('2024-06-04 09:11:42',29.625),('2024-06-04 09:11:44',29.562),('2024-06-04 09:11:46',29.5),('2024-06-04 09:11:48',29.437),('2024-06-04 09:11:50',29.375),('2024-06-04 09:11:51',29.375),('2024-06-04 09:11:53',29.25),('2024-06-04 09:11:55',29.25),('2024-06-04 09:11:57',29.187),('2024-06-04 09:11:59',29.125),('2024-06-04 09:12:00',29.062),('2024-06-04 09:12:02',29.062),('2024-06-04 09:12:04',29),('2024-06-04 09:12:06',29),('2024-06-04 09:12:08',28.875),('2024-06-04 09:12:10',28.875),('2024-06-04 09:12:11',28.812),('2024-06-04 09:12:13',28.812),('2024-06-04 09:12:15',28.75),('2024-06-04 09:12:17',28.687),('2024-06-04 09:12:19',28.625),('2024-06-04 09:12:21',28.562),('2024-06-04 09:12:22',28.562),('2024-06-04 09:12:24',28.5),('2024-06-04 09:12:26',28.437),('2024-06-04 09:12:28',28.437),('2024-06-04 09:12:30',28.375),('2024-06-04 09:12:31',28.375),('2024-06-04 09:12:33',28.312),('2024-06-04 09:12:35',28.25),('2024-06-04 09:12:37',28.187),('2024-06-04 09:12:39',28.187),('2024-06-04 09:12:41',28.125),('2024-06-04 09:12:42',28.125),('2024-06-04 09:12:44',28.062),('2024-06-04 09:12:46',28),('2024-06-04 09:12:48',28),('2024-06-04 09:12:50',27.937),('2024-06-04 09:12:52',27.937),('2024-06-04 09:12:53',27.875),('2024-06-04 09:12:55',27.875),('2024-06-04 09:12:57',27.812),('2024-06-04 09:12:59',27.75),('2024-06-04 09:13:01',27.75),('2024-06-04 09:13:02',27.687),('2024-06-04 09:13:04',27.687),('2024-06-04 09:13:06',27.625),('2024-06-04 09:13:08',27.625),('2024-06-04 09:13:10',27.562),('2024-06-04 09:13:12',27.562),('2024-06-04 09:13:13',27.5),('2024-06-04 09:13:15',27.5),('2024-06-04 09:13:17',27.437),('2024-06-04 09:13:19',27.437),('2024-06-04 09:13:21',27.437),('2024-06-04 09:13:23',27.437),('2024-06-04 09:13:24',27.375),('2024-06-04 09:13:26',27.312),('2024-06-04 09:13:28',27.375),('2024-06-04 09:13:30',27.437),('2024-06-04 09:13:32',27.437),('2024-06-04 09:13:34',27.437),('2024-06-04 09:13:35',27.375),('2024-06-04 09:13:37',27.375),('2024-06-04 09:13:39',27.375),('2024-06-04 09:13:41',27.312),('2024-06-04 09:13:43',27.25),('2024-06-04 09:13:44',27.25),('2024-06-04 09:13:46',27.25),('2024-06-04 09:13:48',27.187),('2024-06-04 09:13:50',27.187),('2024-06-04 09:13:52',27.125),('2024-06-04 09:13:54',27.125),('2024-06-04 09:13:55',27.125),('2024-06-04 09:13:57',27.062),('2024-06-04 09:13:59',27.062),('2024-06-04 09:14:01',27),('2024-06-04 09:14:03',27.062),('2024-06-04 09:14:05',26.937),('2024-06-04 09:14:06',26.937),('2024-06-04 09:14:08',27),('2024-06-04 09:14:10',26.875),('2024-06-04 09:14:12',26.875),('2024-06-04 09:14:14',26.875),('2024-06-04 09:14:15',26.812),('2024-06-04 09:14:17',26.75),('2024-06-04 09:14:19',26.75),('2024-06-04 09:14:21',26.687),('2024-06-04 09:14:23',26.687),('2024-06-04 09:14:25',26.687),('2024-06-04 09:14:26',26.687),('2024-06-04 09:14:28',26.625),('2024-06-04 09:14:30',26.562),('2024-06-04 09:14:32',26.625),('2024-06-04 09:14:34',26.562),('2024-06-04 09:14:36',26.562),('2024-06-04 09:14:37',26.562),('2024-06-04 09:14:39',26.562),('2024-06-04 09:14:41',26.562),('2024-06-04 09:14:43',26.75),('2024-06-04 09:14:45',27.062),('2024-06-04 09:14:46',27.062),('2024-06-04 09:14:48',27.875),('2024-06-04 09:14:50',28.25),('2024-06-04 09:14:52',28.375),('2024-06-04 09:14:54',28.437),('2024-06-04 09:14:56',28.5),('2024-06-04 09:14:57',28.562),('2024-06-04 09:14:59',28.562),('2024-06-04 09:15:01',28.625),('2024-06-04 09:15:03',28.562),('2024-06-04 09:15:05',28.562),('2024-06-04 09:15:07',28.562),('2024-06-04 09:15:08',28.562),('2024-06-04 09:15:10',28.625),('2024-06-04 09:15:12',28.625),('2024-06-04 09:15:14',28.625),('2024-06-04 09:15:16',28.625),('2024-06-04 09:15:17',28.625),('2024-06-04 09:15:19',28.562),('2024-06-04 09:15:21',28.625),('2024-06-04 09:15:23',28.562),('2024-06-04 09:15:25',28.562),('2024-06-04 09:15:27',28.562),('2024-06-04 09:15:28',28.562),('2024-06-04 09:15:30',28.562),('2024-06-04 09:15:32',28.5),('2024-06-04 09:15:34',28.437),('2024-06-04 09:15:36',28.375),('2024-06-04 09:15:38',28.375),('2024-06-04 09:15:39',28.312),('2024-06-04 09:15:41',28.25),('2024-06-04 09:15:43',28.25),('2024-06-04 09:15:45',28.25),('2024-06-04 09:15:47',28.75),('2024-06-04 09:15:48',29.125),('2024-06-04 09:15:50',29.5),('2024-06-04 09:15:52',29.75),('2024-06-04 09:15:54',29.937),('2024-06-04 09:15:56',30.187),('2024-06-04 09:15:58',30.312),('2024-06-04 09:15:59',30.312),('2024-06-04 09:16:01',30.25),('2024-06-04 09:16:03',30.187),('2024-06-04 09:16:05',30.187),('2024-06-04 09:16:07',30.125),('2024-06-04 09:16:09',30.062),('2024-06-04 09:16:10',30),('2024-06-04 09:16:12',29.937),('2024-06-04 09:16:14',29.875),('2024-06-04 09:16:16',29.812),('2024-06-04 09:16:18',29.75),('2024-06-04 09:16:19',29.75),('2024-06-04 09:16:21',29.687),('2024-06-04 09:16:23',29.625),('2024-06-04 09:16:25',29.562),('2024-06-04 09:16:27',29.5),('2024-06-04 09:16:29',29.5),('2024-06-04 09:16:30',29.437),('2024-06-04 09:16:32',29.375),('2024-06-04 09:16:34',29.375),('2024-06-04 09:16:36',29.437),('2024-06-04 09:16:38',29.25),('2024-06-04 09:16:40',29.312),('2024-06-04 09:16:41',29.187),('2024-06-04 09:16:43',29.125),('2024-06-04 09:16:45',29.125),('2024-06-04 09:16:47',29.062),('2024-06-04 09:16:49',29),('2024-06-04 09:16:50',29),('2024-06-04 09:16:52',28.937),('2024-06-04 09:16:54',28.937),('2024-06-04 09:16:56',28.875),('2024-06-04 09:16:58',28.812),('2024-06-04 09:17:00',28.812),('2024-06-04 09:17:01',28.75),('2024-06-04 09:17:03',28.687),('2024-06-04 09:17:05',28.687),('2024-06-04 09:17:07',28.625),('2024-06-04 09:17:09',28.562),('2024-06-04 09:17:11',28.5),('2024-06-04 09:17:12',28.5),('2024-06-04 09:17:14',28.437),('2024-06-04 09:17:16',28.437),('2024-06-04 09:17:18',28.375),('2024-06-04 09:17:20',28.375),('2024-06-04 09:17:22',28.312),('2024-06-04 09:17:23',28.312),('2024-06-04 09:17:25',28.25),('2024-06-04 09:17:27',28.25),('2024-06-04 09:17:29',28.187),('2024-06-04 09:17:31',28.187),('2024-06-04 09:17:32',28.187),('2024-06-04 09:17:34',28.125),('2024-06-04 09:17:36',28.125),('2024-06-04 09:17:38',28.187),('2024-06-04 09:17:40',28.062),('2024-06-04 09:17:42',28.062),('2024-06-04 09:17:43',28.062),('2024-06-04 09:17:45',28),('2024-06-04 09:17:47',28),('2024-06-04 09:17:49',27.937),('2024-06-04 09:17:51',27.937),('2024-06-04 09:17:53',27.875),('2024-06-04 09:17:54',27.875),('2024-06-04 09:17:56',27.875),('2024-06-04 09:17:58',27.875),('2024-06-04 09:18:00',27.812),('2024-06-04 09:18:02',27.875),('2024-06-04 09:18:03',27.75),('2024-06-04 09:18:05',27.75),('2024-06-04 09:18:07',27.75),('2024-06-04 09:18:09',27.687),('2024-06-04 09:18:11',27.687),('2024-06-04 09:18:13',27.687),('2024-06-04 09:18:14',27.625),('2024-06-04 09:18:16',27.625),('2024-06-04 09:18:18',27.625),('2024-06-04 09:18:20',27.562),('2024-06-04 09:18:22',27.562),('2024-06-04 09:18:24',27.562),('2024-06-04 09:18:25',27.562),('2024-06-04 09:18:27',27.5),('2024-06-04 09:18:29',27.5),('2024-06-04 09:18:31',27.5),('2024-06-04 09:18:33',27.437),('2024-06-04 09:18:34',27.437),('2024-06-04 09:18:36',27.437),('2024-06-04 09:18:38',27.375),('2024-06-04 09:18:40',27.375),('2024-06-04 09:18:42',27.375),('2024-06-04 09:18:44',27.375),('2024-06-04 09:18:45',27.312),('2024-06-04 09:18:47',27.312),('2024-06-04 09:18:49',27.312),('2024-06-04 09:18:51',27.25),('2024-06-04 09:18:53',27.187),('2024-06-04 09:18:55',27.187),('2024-06-04 09:18:56',27.187),('2024-06-04 09:18:58',27.187),('2024-06-04 09:19:00',27.125),('2024-06-04 09:19:02',27.125),('2024-06-04 09:19:04',27.125),('2024-06-04 09:19:05',27.125),('2024-06-04 09:19:07',27.125),('2024-06-04 09:19:09',27.125),('2024-06-04 09:19:11',27.125),('2024-06-04 09:19:13',27.125),('2024-06-04 09:19:15',27.125),('2024-06-04 09:19:16',27.125),('2024-06-04 09:19:18',27.125),('2024-06-04 09:19:20',27.125),('2024-06-04 09:19:22',27.125),('2024-06-04 09:19:24',27.187),('2024-06-04 09:19:26',27.125),('2024-06-04 09:19:27',27.187),('2024-06-04 09:19:29',27.187),('2024-06-04 09:19:31',27.187),('2024-06-04 09:19:33',27.25),('2024-06-04 09:19:35',27.25),('2024-06-04 09:19:36',27.25),('2024-06-04 09:19:38',27.25),('2024-06-04 09:19:40',27.25),('2024-06-04 09:19:42',27.25),('2024-06-04 09:19:44',27.25),('2024-06-04 09:19:46',27.25),('2024-06-04 09:19:47',27.187),('2024-06-04 09:19:49',27.187),('2024-06-04 09:19:51',27.187),('2024-06-04 09:19:53',27.125),('2024-06-04 09:19:55',27.125),('2024-06-04 09:19:57',27.125),('2024-06-04 09:19:58',27.062),('2024-06-04 09:20:00',27.062),('2024-06-04 09:20:02',27.062),('2024-06-04 09:20:04',27.062),('2024-06-04 09:20:06',27.062),('2024-06-04 09:20:07',27.062),('2024-06-04 09:20:09',27.062),('2024-06-04 09:20:11',27.062),('2024-06-04 09:20:13',27),('2024-06-04 09:20:15',27),('2024-06-04 09:20:17',26.937),('2024-06-04 09:20:18',26.937),('2024-06-04 09:20:20',26.937),('2024-06-04 09:20:22',27),('2024-06-04 09:20:24',26.812),('2024-06-04 09:20:26',26.875),('2024-06-04 09:20:28',26.812),('2024-06-04 09:20:29',26.75),('2024-06-04 09:20:31',26.75),('2024-06-04 09:20:33',26.75),('2024-06-04 09:20:35',26.687),('2024-06-04 09:20:37',26.687),('2024-06-04 09:20:39',26.625),('2024-06-04 09:20:40',26.625),('2024-06-04 09:20:42',26.625),('2024-06-04 09:20:44',26.687),('2024-06-04 09:20:46',26.687),('2024-06-04 09:20:48',26.687),('2024-06-04 09:20:49',26.687),('2024-06-04 09:20:51',26.687),('2024-06-04 09:20:53',26.687),('2024-06-04 09:20:55',26.75),('2024-06-04 09:20:57',26.75),('2024-06-04 09:20:59',26.812),('2024-06-04 09:21:00',26.875),('2024-06-04 09:21:02',26.812),('2024-06-04 09:21:04',26.875),('2024-06-04 09:21:06',26.875),('2024-06-04 09:21:08',26.875),('2024-06-04 09:21:10',26.937),('2024-06-04 09:21:11',26.937),('2024-06-04 09:21:13',27),('2024-06-04 09:21:15',26.937),('2024-06-04 09:21:17',26.937),('2024-06-04 09:21:19',26.937),('2024-06-04 09:21:20',27),('2024-06-04 09:21:22',27),('2024-06-04 09:21:24',26.937),('2024-06-04 09:21:26',26.937),('2024-06-04 09:21:28',27),('2024-06-04 09:21:30',27),('2024-06-04 09:21:31',27.062),('2024-06-04 09:21:33',27.062),('2024-06-04 09:21:35',27.062),('2024-06-04 09:21:37',27.062),('2024-06-04 09:21:39',27.062),('2024-06-04 09:21:41',27.062),('2024-06-04 09:21:42',27.125),('2024-06-04 09:21:44',27.125),('2024-06-04 09:21:46',27.25),('2024-06-04 09:21:48',27.125),('2024-06-04 09:21:50',27.187),('2024-06-04 09:21:51',27.187),('2024-06-04 09:21:53',27.312),('2024-06-04 09:21:55',27.25),('2024-06-04 09:21:57',27.25),('2024-06-04 09:21:59',27.25),('2024-06-04 09:22:01',27.25),('2024-06-04 09:22:02',27.25),('2024-06-04 09:22:04',27.25),('2024-06-04 09:22:06',27.25),('2024-06-04 09:22:08',27.312),('2024-06-04 09:22:10',27.437),('2024-06-04 09:22:12',27.312),('2024-06-04 09:22:13',27.312),('2024-06-04 09:22:15',27.312),('2024-06-04 09:22:17',27.312),('2024-06-04 09:22:19',27.375),('2024-06-04 09:22:21',27.375),('2024-06-04 09:22:22',27.312),('2024-06-04 09:22:24',27.375),('2024-06-04 09:22:26',27.375),('2024-06-04 09:22:28',27.375),('2024-06-04 09:22:30',27.375),('2024-06-04 09:22:32',27.375),('2024-06-04 09:22:33',27.375),('2024-06-04 09:22:35',27.437),('2024-06-04 09:22:37',27.437),('2024-06-04 09:22:39',27.437),('2024-06-04 09:22:41',27.437),('2024-06-04 09:22:43',27.437),('2024-06-04 09:22:44',27.437),('2024-06-04 09:22:46',27.437),('2024-06-04 09:22:48',27.5),('2024-06-04 09:22:50',27.5),('2024-06-04 09:22:52',27.562),('2024-06-04 09:22:54',27.625),('2024-06-04 09:22:55',27.687),('2024-06-04 09:22:57',27.687),('2024-06-04 09:22:59',27.75),('2024-06-04 09:23:01',27.75),('2024-06-04 09:23:03',27.75),('2024-06-04 09:23:04',27.75),('2024-06-04 09:23:06',27.75),('2024-06-04 09:23:08',27.75),('2024-06-04 09:23:10',27.812),('2024-06-04 09:23:12',27.812),('2024-06-04 09:23:14',27.75),('2024-06-04 09:23:15',27.75),('2024-06-04 09:23:17',27.75),('2024-06-04 09:23:19',27.75),('2024-06-04 09:23:21',27.812),('2024-06-04 09:23:23',27.812),('2024-06-04 09:23:25',27.875),('2024-06-04 09:23:26',27.875),('2024-06-04 09:23:28',27.937),('2024-06-04 09:23:30',27.937),('2024-06-04 09:23:32',28),('2024-06-04 09:23:34',28.062),('2024-06-04 09:23:35',28),('2024-06-04 09:23:37',28.062),('2024-06-04 09:23:39',28.062),('2024-06-04 09:23:41',28.062),('2024-06-04 09:23:43',28.062),('2024-06-04 09:23:45',28.062),('2024-06-04 09:23:46',28),('2024-06-04 09:23:48',28),('2024-06-04 09:23:50',27.937),('2024-06-04 09:23:52',27.937),('2024-06-04 09:23:54',27.937),('2024-06-04 09:23:56',27.875),('2024-06-04 09:23:57',27.937),('2024-06-04 09:23:59',27.937),('2024-06-04 09:24:01',27.937),('2024-06-04 09:24:03',27.937),('2024-06-04 09:24:05',27.937),('2024-06-04 09:24:06',27.937),('2024-06-04 09:24:08',28),('2024-06-04 09:24:10',27.937),('2024-06-04 09:24:12',28),('2024-06-04 09:24:14',28),('2024-06-04 09:24:16',28),('2024-06-04 09:24:17',27.937),('2024-06-04 09:24:19',27.937),('2024-06-04 09:24:21',27.937),('2024-06-04 09:24:23',27.875),('2024-06-04 09:24:25',27.812),('2024-06-04 09:24:27',27.812),('2024-06-04 09:24:28',27.75),('2024-06-04 09:24:30',27.687),('2024-06-04 09:24:32',27.687),('2024-06-04 09:24:34',27.625),('2024-06-04 09:24:36',27.625),('2024-06-04 09:24:38',27.625),('2024-06-04 09:24:39',27.562),('2024-06-04 09:24:41',27.562),('2024-06-04 09:24:43',27.5),('2024-06-04 09:24:45',27.437),('2024-06-04 09:24:47',27.437),('2024-06-04 09:24:48',27.437),('2024-06-04 09:24:50',27.437),('2024-06-04 09:24:52',27.437),('2024-06-04 09:24:54',27.437),('2024-06-04 09:24:56',27.437),('2024-06-04 09:24:58',27.5),('2024-06-04 09:24:59',27.5),('2024-06-04 09:25:01',27.437),('2024-06-04 09:25:03',27.437),('2024-06-04 09:25:05',27.437),('2024-06-04 09:25:07',27.437),('2024-06-04 09:25:09',27.437),('2024-06-04 09:25:10',27.437),('2024-06-04 09:25:12',27.437),('2024-06-04 09:25:14',27.375),('2024-06-04 09:25:16',27.375),('2024-06-04 09:25:18',27.437),('2024-06-04 09:25:19',27.312),('2024-06-04 09:25:21',27.312),('2024-06-04 09:25:23',27.25),('2024-06-04 09:25:25',27.25),('2024-06-04 09:25:27',27.25),('2024-06-04 09:25:29',27.25),('2024-06-04 09:25:30',27.187),('2024-06-04 09:25:32',27.187),('2024-06-04 09:25:34',27.187),('2024-06-04 09:25:36',27.125),('2024-06-04 09:25:38',27.062),('2024-06-04 09:25:40',27.125),('2024-06-04 09:25:41',27.062),('2024-06-04 09:25:43',27.062),('2024-06-04 09:25:45',27),('2024-06-04 09:25:47',27),('2024-06-04 09:25:49',27),('2024-06-04 09:25:50',26.875),('2024-06-04 09:25:52',26.937),('2024-06-04 09:25:54',26.875),('2024-06-04 09:25:56',26.937),('2024-06-04 09:25:58',26.937),('2024-06-04 09:26:00',26.937),('2024-06-04 09:26:01',26.875),('2024-06-04 09:26:03',26.937),('2024-06-04 09:26:05',26.875),('2024-06-04 09:26:07',26.875),('2024-06-04 09:26:09',26.875),('2024-06-04 09:26:11',26.875),('2024-06-04 09:26:12',26.937),('2024-06-04 09:26:14',26.937),('2024-06-04 09:26:16',26.875),('2024-06-04 09:26:18',26.875),('2024-06-04 09:26:20',26.875),('2024-06-04 09:26:22',26.875),('2024-06-04 09:26:23',26.875),('2024-06-04 09:26:25',26.937),('2024-06-04 09:26:27',26.937),('2024-06-04 09:26:29',26.875),('2024-06-04 09:26:31',26.875),('2024-06-04 09:26:32',26.875),('2024-06-04 09:26:34',26.875),('2024-06-04 09:26:36',26.875),('2024-06-04 09:26:38',26.875),('2024-06-04 09:26:40',26.875),('2024-06-04 09:26:42',26.875),('2024-06-04 09:26:43',26.875),('2024-06-04 09:26:45',26.875),('2024-06-04 09:26:47',26.875),('2024-06-04 09:26:49',26.875),('2024-06-04 09:26:51',26.875),('2024-06-04 09:26:53',26.812),('2024-06-04 09:26:54',26.812),('2024-06-04 09:26:56',26.812),('2024-06-04 09:26:58',26.75),('2024-06-04 09:27:00',26.75),('2024-06-04 09:27:02',26.75),('2024-06-04 09:27:03',26.75),('2024-06-04 09:27:05',26.75),('2024-06-04 09:27:07',26.75),('2024-06-04 09:27:09',26.75),('2024-06-04 09:27:11',26.75),('2024-06-04 09:27:13',26.687),('2024-06-04 09:27:14',26.687),('2024-06-04 09:27:16',26.687),('2024-06-04 09:27:18',26.687),('2024-06-04 09:27:20',26.687),('2024-06-04 09:27:22',26.687),('2024-06-04 09:27:24',26.625),('2024-06-04 09:27:25',26.562),('2024-06-04 09:27:27',26.562),('2024-06-04 09:27:29',26.562),('2024-06-04 09:27:31',26.625),('2024-06-04 09:27:33',26.5),('2024-06-04 09:27:34',26.5),('2024-06-04 09:27:36',26.5),('2024-06-04 09:27:38',26.5),('2024-06-04 09:27:40',26.5),('2024-06-04 09:27:42',26.5),('2024-06-04 09:27:44',26.437),('2024-06-04 09:27:45',26.437),('2024-06-04 09:27:47',26.437),('2024-06-04 09:27:49',26.562),('2024-06-04 09:27:51',26.562),('2024-06-04 09:27:53',26.625),('2024-06-04 09:27:55',26.625),('2024-06-04 09:27:56',26.687),('2024-06-04 09:27:58',26.687),('2024-06-04 09:28:00',26.75),('2024-06-04 09:28:02',26.812),('2024-06-04 09:28:04',26.812),('2024-06-04 09:28:06',26.875),('2024-06-04 09:28:07',26.875),('2024-06-04 09:28:09',26.875),('2024-06-04 09:28:11',26.875),('2024-06-04 09:28:13',26.75),('2024-06-04 09:28:15',26.812),('2024-06-04 09:28:16',26.75),('2024-06-04 09:28:18',26.75),('2024-06-04 09:28:20',26.75),('2024-06-04 09:28:22',26.687),('2024-06-04 09:28:24',26.687),('2024-06-04 09:28:26',26.687),('2024-06-04 09:28:27',26.687),('2024-06-04 09:28:29',26.687),('2024-06-04 09:28:31',26.687),('2024-06-04 09:28:33',26.687),('2024-06-04 09:28:35',26.625),('2024-06-04 09:28:37',26.625),('2024-06-04 09:28:38',26.625),('2024-06-04 09:28:40',26.687),('2024-06-04 09:28:42',26.562),('2024-06-04 09:28:44',26.562),('2024-06-04 09:28:46',26.562),('2024-06-04 09:28:47',26.562),('2024-06-04 09:28:49',26.5),('2024-06-04 09:28:51',26.5),('2024-06-04 09:28:53',26.5),('2024-06-04 09:28:55',26.5),('2024-06-04 09:28:57',26.5),('2024-06-04 09:28:58',26.5),('2024-06-04 09:29:00',26.5),('2024-06-04 09:29:02',26.5),('2024-06-04 09:29:04',26.5),('2024-06-04 09:29:06',26.5),('2024-06-04 09:29:08',26.5),('2024-06-04 09:29:09',26.5),('2024-06-04 09:29:11',26.5),('2024-06-04 09:29:13',26.5),('2024-06-04 09:29:15',26.5),('2024-06-04 09:29:17',26.5),('2024-06-04 09:29:19',26.437),('2024-06-04 09:29:20',26.5),('2024-06-04 09:29:22',26.5),('2024-06-04 09:29:24',26.5),('2024-06-04 09:29:26',26.5),('2024-06-04 09:29:28',26.5),('2024-06-04 09:29:29',26.5),('2024-06-04 09:29:31',26.5),('2024-06-04 09:29:33',26.5),('2024-06-04 09:29:35',26.5),('2024-06-04 09:29:37',26.5),('2024-06-04 09:29:39',26.562),('2024-06-04 09:29:40',26.75),('2024-06-04 09:29:42',26.812),('2024-06-04 09:29:44',26.875),('2024-06-04 09:29:46',26.875),('2024-06-04 09:29:48',26.875),('2024-06-04 09:29:50',26.937),('2024-06-04 09:29:51',26.937),('2024-06-04 09:29:53',26.875),('2024-06-04 09:29:55',26.937),('2024-06-04 09:29:57',26.875),('2024-06-04 09:29:59',26.937),('2024-06-04 09:30:01',26.937),('2024-06-04 09:30:02',26.812),('2024-06-04 09:30:04',26.875),('2024-06-04 09:30:06',26.875),('2024-06-04 09:30:08',26.937),('2024-06-04 09:30:10',26.875),('2024-06-04 09:30:11',26.875);
/*!40000 ALTER TABLE `logtemp` ENABLE KEYS */;
UNLOCK TABLES;

--
-- Table structure for table `tblcocktailrecipes`
--

DROP TABLE IF EXISTS `tblcocktailrecipes`;
/*!40101 SET @saved_cs_client     = @@character_set_client */;
/*!50503 SET character_set_client = utf8mb4 */;
CREATE TABLE `tblcocktailrecipes` (
  `idCocktail` int(11) NOT NULL,
  `idIngredient1` int(11) NOT NULL,
  `intAmount1` varchar(10) DEFAULT NULL,
  `strUnit1` varchar(50) DEFAULT NULL,
  `idIngredient2` int(11) DEFAULT NULL,
  `intAmount2` varchar(10) DEFAULT NULL,
  `strUnit2` varchar(50) DEFAULT NULL,
  `idIngredient3` int(11) DEFAULT NULL,
  `intAmount3` varchar(10) DEFAULT NULL,
  `strUnit3` varchar(50) DEFAULT NULL,
  `idIngredient4` int(11) DEFAULT NULL,
  `intAmount4` varchar(10) DEFAULT NULL,
  `strUnit4` varchar(50) DEFAULT NULL,
  `idIngredient5` int(11) DEFAULT NULL,
  `intAmount5` varchar(10) DEFAULT NULL,
  `strUnit5` varchar(50) DEFAULT NULL,
  `idIngredient6` int(11) DEFAULT NULL,
  `intAmount6` varchar(10) DEFAULT NULL,
  `strUnit6` varchar(50) DEFAULT NULL,
  `idIngredient7` int(11) DEFAULT NULL,
  `intAmount7` varchar(10) DEFAULT NULL,
  `strUnit7` varchar(50) DEFAULT NULL,
  `idIngredient8` int(11) DEFAULT NULL,
  `intAmount8` varchar(10) DEFAULT NULL,
  `strUnit8` varchar(50) DEFAULT NULL,
  `idIngredient9` int(11) DEFAULT NULL,
  `intAmount9` varchar(10) DEFAULT NULL,
  `strUnit9` varchar(50) DEFAULT NULL,
  PRIMARY KEY (`idCocktail`,`idIngredient1`),
  KEY `idIngredient1` (`idIngredient1`),
  KEY `idIngredient2` (`idIngredient2`),
  KEY `idIngredient3` (`idIngredient3`),
  KEY `idIngredient4` (`idIngredient4`),
  KEY `idIngredient5` (`idIngredient5`),
  KEY `idIngredient6` (`idIngredient6`),
  KEY `idIngredient7` (`idIngredient7`),
  KEY `idIngredient8` (`idIngredient8`),
  KEY `idIngredient9` (`idIngredient9`),
  CONSTRAINT `tblcocktailrecipes_ibfk_1` FOREIGN KEY (`idCocktail`) REFERENCES `tblcocktails` (`idDrink`),
  CONSTRAINT `tblcocktailrecipes_ibfk_10` FOREIGN KEY (`idIngredient9`) REFERENCES `tblingredients` (`id`),
  CONSTRAINT `tblcocktailrecipes_ibfk_2` FOREIGN KEY (`idIngredient1`) REFERENCES `tblingredients` (`id`),
  CONSTRAINT `tblcocktailrecipes_ibfk_3` FOREIGN KEY (`idIngredient2`) REFERENCES `tblingredients` (`id`),
  CONSTRAINT `tblcocktailrecipes_ibfk_4` FOREIGN KEY (`idIngredient3`) REFERENCES `tblingredients` (`id`),
  CONSTRAINT `tblcocktailrecipes_ibfk_5` FOREIGN KEY (`idIngredient4`) REFERENCES `tblingredients` (`id`),
  CONSTRAINT `tblcocktailrecipes_ibfk_6` FOREIGN KEY (`idIngredient5`) REFERENCES `tblingredients` (`id`),
  CONSTRAINT `tblcocktailrecipes_ibfk_7` FOREIGN KEY (`idIngredient6`) REFERENCES `tblingredients` (`id`),
  CONSTRAINT `tblcocktailrecipes_ibfk_8` FOREIGN KEY (`idIngredient7`) REFERENCES `tblingredients` (`id`),
  CONSTRAINT `tblcocktailrecipes_ibfk_9` FOREIGN KEY (`idIngredient8`) REFERENCES `tblingredients` (`id`)
) ENGINE=InnoDB DEFAULT CHARSET=utf8mb3 COLLATE=utf8mb3_general_ci;
/*!40101 SET character_set_client = @saved_cs_client */;

--
-- Dumping data for table `tblcocktailrecipes`
--

LOCK TABLES `tblcocktailrecipes` WRITE;
/*!40000 ALTER TABLE `tblcocktailrecipes` DISABLE KEYS */;
INSERT INTO `tblcocktailrecipes` VALUES (1,145,'1/2','oz',138,'1/2','oz',1,'1/2','oz',244,'1','oz',65,'1','oz',152,'3','oz',60,'1','oz',227,'1','cup',NULL,NULL,NULL),(2,80,'1','shot',138,'2','shots',231,'1','shot',160,'1','shot',NULL,NULL,NULL,NULL,NULL,NULL,NULL,NULL,NULL,NULL,NULL,NULL,NULL,NULL,NULL),(3,105,'1/2','oz',123,'1/2','oz',196,'1/2','oz',1,'1/2','oz',NULL,NULL,NULL,NULL,NULL,NULL,NULL,NULL,NULL,NULL,NULL,NULL,NULL,NULL,NULL),(4,1,'1/2','shot',238,'1/2','shot',NULL,NULL,NULL,NULL,NULL,NULL,NULL,NULL,NULL,NULL,NULL,NULL,NULL,NULL,NULL,NULL,NULL,NULL,NULL,NULL,NULL),(5,122,'1/3','oz',126,'1/3','oz',125,'1/3','oz',NULL,NULL,NULL,NULL,NULL,NULL,NULL,NULL,NULL,NULL,NULL,NULL,NULL,NULL,NULL,NULL,NULL,NULL),(6,99,'1/2','oz',138,'1/2',NULL,221,'1/2',NULL,225,'1/2',NULL,231,'1/2',NULL,58,'1/2',NULL,216,'1-2','dash',28,'1','wedge',132,'Garnish',NULL),(7,229,'2','1/2',107,'1','splash',160,'Fill','with',NULL,NULL,NULL,NULL,NULL,NULL,NULL,NULL,NULL,NULL,NULL,NULL,NULL,NULL,NULL,NULL,NULL,NULL),(8,75,'1','oz',231,'1','oz',NULL,NULL,NULL,NULL,NULL,NULL,NULL,NULL,NULL,NULL,NULL,NULL,NULL,NULL,NULL,NULL,NULL,NULL,NULL,NULL,NULL),(9,99,'2','oz',2,'4','oz',133,'0.75','oz',NULL,NULL,NULL,NULL,NULL,NULL,NULL,NULL,NULL,NULL,NULL,NULL,NULL,NULL,NULL,NULL,NULL,NULL),(10,127,'1/3','part',22,'1/3','part',94,'1/3','part',NULL,NULL,NULL,NULL,NULL,NULL,NULL,NULL,NULL,NULL,NULL,NULL,NULL,NULL,NULL,NULL,NULL,NULL),(11,231,'1',NULL,192,'1',NULL,70,'1',NULL,210,NULL,NULL,NULL,NULL,NULL,NULL,NULL,NULL,NULL,NULL,NULL,NULL,NULL,NULL,NULL,NULL,NULL),(12,18,'1','1/2',109,'1','oz',NULL,NULL,NULL,NULL,NULL,NULL,NULL,NULL,NULL,NULL,NULL,NULL,NULL,NULL,NULL,NULL,NULL,NULL,NULL,NULL,NULL),(13,99,'1','3/4',107,'1','Shot',133,'1/4',NULL,112,'1/8',NULL,NULL,NULL,NULL,NULL,NULL,NULL,NULL,NULL,NULL,NULL,NULL,NULL,NULL,NULL,NULL),(14,80,'1','1/2',168,'2','oz',160,'3','oz',NULL,NULL,NULL,NULL,NULL,NULL,NULL,NULL,NULL,NULL,NULL,NULL,NULL,NULL,NULL,NULL,NULL,NULL),(15,138,'1','1/2',225,'1','1/2',142,'1','tblsp',214,'1','tsp',86,'1',NULL,153,NULL,NULL,NULL,NULL,NULL,NULL,NULL,NULL,NULL,NULL,NULL),(16,99,'2','shots',112,'1/2','shot',114,'1/2','shot',152,'1/2',NULL,86,'1/2',NULL,NULL,NULL,NULL,NULL,NULL,NULL,NULL,NULL,NULL,NULL,NULL,NULL),(17,1,'1','oz',238,'1','oz',NULL,NULL,NULL,NULL,NULL,NULL,NULL,NULL,NULL,NULL,NULL,NULL,NULL,NULL,NULL,NULL,NULL,NULL,NULL,NULL,NULL),(18,202,'1','1/2',217,'1','oz',83,'1','oz',158,'2','dashes',NULL,NULL,NULL,NULL,NULL,NULL,NULL,NULL,NULL,NULL,NULL,NULL,NULL,NULL,NULL),(19,231,'2','cl',74,'1','cl',160,NULL,NULL,NULL,NULL,NULL,NULL,NULL,NULL,NULL,NULL,NULL,NULL,NULL,NULL,NULL,NULL,NULL,NULL,NULL,NULL),(20,112,'1','part',160,'4','parts',176,'4','parts',NULL,NULL,NULL,NULL,NULL,NULL,NULL,NULL,NULL,NULL,NULL,NULL,NULL,NULL,NULL,NULL,NULL,NULL),(21,99,'1/2','oz',75,'1/2','oz',137,'2','oz',245,NULL,NULL,NULL,NULL,NULL,NULL,NULL,NULL,NULL,NULL,NULL,NULL,NULL,NULL,NULL,NULL,NULL),(22,83,'1','oz',35,'1','oz',30,'1','1/2',133,'1','1/2',134,'1','twist',NULL,NULL,NULL,NULL,NULL,NULL,NULL,NULL,NULL,NULL,NULL,NULL),(23,80,'2','oz',127,'1','oz',86,'1',NULL,NULL,NULL,NULL,NULL,NULL,NULL,NULL,NULL,NULL,NULL,NULL,NULL,NULL,NULL,NULL,NULL,NULL,NULL),(24,41,'1','oz',217,'1','oz',134,'Twist','of',161,'Twist','of',NULL,NULL,NULL,NULL,NULL,NULL,NULL,NULL,NULL,NULL,NULL,NULL,NULL,NULL,NULL),(25,18,'1','oz',225,'1','oz',133,'1','oz',NULL,NULL,NULL,NULL,NULL,NULL,NULL,NULL,NULL,NULL,NULL,NULL,NULL,NULL,NULL,NULL,NULL,NULL),(26,122,'1','oz',151,'1/2','oz',207,'2','oz',NULL,NULL,NULL,NULL,NULL,NULL,NULL,NULL,NULL,NULL,NULL,NULL,NULL,NULL,NULL,NULL,NULL,NULL),(27,7,'1','oz',99,'1','oz',224,'4','oz',NULL,NULL,NULL,NULL,NULL,NULL,NULL,NULL,NULL,NULL,NULL,NULL,NULL,NULL,NULL,NULL,NULL,NULL),(28,231,'4','cl',142,'1','dash',206,NULL,NULL,NULL,NULL,NULL,NULL,NULL,NULL,NULL,NULL,NULL,NULL,NULL,NULL,NULL,NULL,NULL,NULL,NULL,NULL),(29,99,'4.5',NULL,133,'1.5',NULL,149,'1.5',NULL,NULL,NULL,NULL,NULL,NULL,NULL,NULL,NULL,NULL,NULL,NULL,NULL,NULL,NULL,NULL,NULL,NULL,NULL),(30,195,'3',NULL,80,'1',NULL,24,'1',NULL,112,'1',NULL,176,'2',NULL,160,'2',NULL,216,'1',NULL,NULL,NULL,NULL,NULL,NULL,NULL),(31,202,'1','1/2',217,'1/2','oz',83,'1/2','oz',28,'2','dashes',NULL,NULL,NULL,NULL,NULL,NULL,NULL,NULL,NULL,NULL,NULL,NULL,NULL,NULL,NULL),(32,195,'4.5',NULL,98,'1.5',NULL,176,'6',NULL,142,NULL,'1',183,'top','up',NULL,NULL,NULL,NULL,NULL,NULL,NULL,NULL,NULL,NULL,NULL,NULL),(33,47,'6','oz',169,'1','oz',NULL,NULL,NULL,NULL,NULL,NULL,NULL,NULL,NULL,NULL,NULL,NULL,NULL,NULL,NULL,NULL,NULL,NULL,NULL,NULL,NULL),(34,120,'1/2','oz',105,'1/2','oz',NULL,NULL,NULL,NULL,NULL,NULL,NULL,NULL,NULL,NULL,NULL,NULL,NULL,NULL,NULL,NULL,NULL,NULL,NULL,NULL,NULL),(35,158,'1',NULL,110,'1',NULL,99,'1',NULL,217,'1',NULL,NULL,NULL,NULL,NULL,NULL,NULL,NULL,NULL,NULL,NULL,NULL,NULL,NULL,NULL,NULL),(36,217,'1','oz',205,'1','1/2',134,'1','twist',NULL,NULL,NULL,NULL,NULL,NULL,NULL,NULL,NULL,NULL,NULL,NULL,NULL,NULL,NULL,NULL,NULL,NULL),(37,99,'1','1/2',225,'1/2','oz',33,'1/2','oz',28,'2','dashes',148,'1',NULL,134,'1','twist',NULL,NULL,NULL,NULL,NULL,NULL,NULL,NULL,NULL),(38,99,'2','oz',83,'1/2','oz',28,'2','dashes',149,'1/2','tsp',148,'1',NULL,NULL,NULL,NULL,NULL,NULL,NULL,NULL,NULL,NULL,NULL,NULL,NULL),(39,176,'10','cl',165,'6','cl',133,'1','cl',112,'1','cl',NULL,NULL,NULL,NULL,NULL,NULL,NULL,NULL,NULL,NULL,NULL,NULL,NULL,NULL,NULL),(40,32,'2','oz',132,'Juice','of',182,'1','tsp',86,'1',NULL,132,'1','slice',270,'1',NULL,NULL,NULL,NULL,NULL,NULL,NULL,NULL,NULL,NULL),(41,99,'1','1/2',225,'1','oz',133,'1','tsp',112,'1/2','tsp',86,'1',NULL,NULL,NULL,NULL,NULL,NULL,NULL,NULL,NULL,NULL,NULL,NULL,NULL),(42,99,'4',NULL,133,'1.5',NULL,215,'1',NULL,246,'1.5',NULL,NULL,NULL,NULL,NULL,NULL,NULL,NULL,NULL,NULL,NULL,NULL,NULL,NULL,NULL,NULL),(43,116,'4',NULL,110,'1',NULL,49,'1',NULL,NULL,NULL,NULL,NULL,NULL,NULL,NULL,NULL,NULL,NULL,NULL,NULL,NULL,NULL,NULL,NULL,NULL,NULL),(44,1,'1',NULL,202,'1/2',NULL,28,'3',NULL,247,'1',NULL,118,NULL,NULL,NULL,NULL,NULL,NULL,NULL,NULL,NULL,NULL,NULL,NULL,NULL,NULL),(45,197,'2',NULL,83,'1',NULL,149,'1/4',NULL,12,'3',NULL,148,NULL,NULL,NULL,NULL,NULL,NULL,NULL,NULL,NULL,NULL,NULL,NULL,NULL,NULL),(46,231,'1/4',NULL,24,'1/4',NULL,160,'1/4',NULL,169,'1/4',NULL,NULL,NULL,NULL,NULL,NULL,NULL,NULL,NULL,NULL,NULL,NULL,NULL,NULL,NULL,NULL),(47,69,'1',NULL,21,'1','shot',NULL,NULL,NULL,NULL,NULL,NULL,NULL,NULL,NULL,NULL,NULL,NULL,NULL,NULL,NULL,NULL,NULL,NULL,NULL,NULL,NULL),(48,214,'2',NULL,141,'1',NULL,40,'2','1/2',NULL,NULL,NULL,NULL,NULL,NULL,NULL,NULL,NULL,NULL,NULL,NULL,NULL,NULL,NULL,NULL,NULL,NULL),(49,141,'2',NULL,214,'2','tblsp',236,'2-3','oz',118,'crushed',NULL,NULL,NULL,NULL,NULL,NULL,NULL,NULL,NULL,NULL,NULL,NULL,NULL,NULL,NULL,NULL),(50,131,'1','bottle',41,'1','1/2',NULL,NULL,NULL,NULL,NULL,NULL,NULL,NULL,NULL,NULL,NULL,NULL,NULL,NULL,NULL,NULL,NULL,NULL,NULL,NULL,NULL),(51,138,'2','oz',225,'1','1/2',142,'1','1/2',149,'1','1/2',NULL,NULL,NULL,NULL,NULL,NULL,NULL,NULL,NULL,NULL,NULL,NULL,NULL,NULL,NULL),(52,99,'2','oz',149,'1/4','tsp',133,'1/4','tsp',158,'2','dashes',270,'1',NULL,NULL,NULL,NULL,NULL,NULL,NULL,NULL,NULL,NULL,NULL,NULL,NULL),(53,99,'2','oz',133,'1/2','oz',149,'1','tsp',158,'1','dash',87,'1',NULL,NULL,NULL,NULL,NULL,NULL,NULL,NULL,NULL,NULL,NULL,NULL,NULL),(54,138,'1','1/4',48,'1','1/2',137,'1','tblsp',NULL,NULL,NULL,NULL,NULL,NULL,NULL,NULL,NULL,NULL,NULL,NULL,NULL,NULL,NULL,NULL,NULL,NULL),(55,138,'1','oz',181,'1','oz',132,'Juice','of',182,'1','tsp',86,'1',NULL,43,NULL,NULL,NULL,NULL,NULL,NULL,NULL,NULL,NULL,NULL,NULL),(56,51,'125',NULL,152,'3/4','L',232,NULL,NULL,NULL,NULL,NULL,NULL,NULL,NULL,NULL,NULL,NULL,NULL,NULL,NULL,NULL,NULL,NULL,NULL,NULL,NULL),(57,21,'1','part',58,'2','parts',NULL,NULL,NULL,NULL,NULL,NULL,NULL,NULL,NULL,NULL,NULL,NULL,NULL,NULL,NULL,NULL,NULL,NULL,NULL,NULL,NULL),(58,36,'2','oz',225,'1/2','oz',133,'1','tblsp',NULL,NULL,NULL,NULL,NULL,NULL,NULL,NULL,NULL,NULL,NULL,NULL,NULL,NULL,NULL,NULL,NULL,NULL),(59,217,'1','oz',205,'1/2','oz',239,'1/2','oz',NULL,NULL,NULL,NULL,NULL,NULL,NULL,NULL,NULL,NULL,NULL,NULL,NULL,NULL,NULL,NULL,NULL,NULL),(60,99,'1','1/2',112,'2','tsp',132,'Juice','of',86,'1',NULL,NULL,NULL,NULL,NULL,NULL,NULL,NULL,NULL,NULL,NULL,NULL,NULL,NULL,NULL,NULL),(61,232,'2','cups',214,'2','cups',61,'1/2','cup',248,NULL,NULL,231,'1','1/2',281,NULL,NULL,NULL,NULL,NULL,NULL,NULL,NULL,NULL,NULL,NULL),(62,141,NULL,NULL,91,'1/3',NULL,12,'2',NULL,249,'1',NULL,273,'1',NULL,NULL,NULL,NULL,NULL,NULL,NULL,NULL,NULL,NULL,NULL,NULL,NULL),(63,99,'3/4',NULL,225,'3/4',NULL,140,'3/4',NULL,133,'3/4',NULL,3,'1',NULL,NULL,NULL,NULL,NULL,NULL,NULL,NULL,NULL,NULL,NULL,NULL,NULL),(64,231,'1','1/4',142,'1/4','oz',65,'1/4','oz',70,'1/4','cup',NULL,NULL,NULL,NULL,NULL,NULL,NULL,NULL,NULL,NULL,NULL,NULL,NULL,NULL,NULL),(65,209,'1','oz',101,NULL,NULL,NULL,NULL,NULL,NULL,NULL,NULL,NULL,NULL,NULL,NULL,NULL,NULL,NULL,NULL,NULL,NULL,NULL,NULL,NULL,NULL,NULL),(66,138,'2','oz',141,'Juice','of',58,NULL,NULL,NULL,NULL,NULL,NULL,NULL,NULL,NULL,NULL,NULL,NULL,NULL,NULL,NULL,NULL,NULL,NULL,NULL,NULL),(67,138,'1','1/2',141,'Juice','of',182,'1','tsp',NULL,NULL,NULL,NULL,NULL,NULL,NULL,NULL,NULL,NULL,NULL,NULL,NULL,NULL,NULL,NULL,NULL,NULL),(68,80,'5',NULL,102,'10',NULL,NULL,NULL,NULL,NULL,NULL,NULL,NULL,NULL,NULL,NULL,NULL,NULL,NULL,NULL,NULL,NULL,NULL,NULL,NULL,NULL,NULL),(69,81,'2','tsp',141,NULL,NULL,40,'2','1/2',NULL,NULL,NULL,NULL,NULL,NULL,NULL,NULL,NULL,NULL,NULL,NULL,NULL,NULL,NULL,NULL,NULL,NULL),(70,49,'1','part',206,'1','part',160,'1','part',118,NULL,NULL,NULL,NULL,NULL,NULL,NULL,NULL,NULL,NULL,NULL,NULL,NULL,NULL,NULL,NULL,NULL),(71,3,'2',NULL,47,NULL,NULL,NULL,NULL,NULL,NULL,NULL,NULL,NULL,NULL,NULL,NULL,NULL,NULL,NULL,NULL,NULL,NULL,NULL,NULL,NULL,NULL,NULL),(72,99,'6',NULL,166,'2',NULL,153,'2','Fresh',NULL,NULL,NULL,NULL,NULL,NULL,NULL,NULL,NULL,NULL,NULL,NULL,NULL,NULL,NULL,NULL,NULL,NULL),(73,131,'1/2','pint',54,'1/2','pint',31,'1','dash',NULL,NULL,NULL,NULL,NULL,NULL,NULL,NULL,NULL,NULL,NULL,NULL,NULL,NULL,NULL,NULL,NULL,NULL),(74,231,'70ml/2fl',NULL,83,'1',NULL,157,'2',NULL,132,'1',NULL,156,NULL,NULL,NULL,NULL,NULL,NULL,NULL,NULL,NULL,NULL,NULL,NULL,NULL,NULL),(75,99,'1','1/2',101,'4','oz',141,'1',NULL,NULL,NULL,NULL,NULL,NULL,NULL,NULL,NULL,NULL,NULL,NULL,NULL,NULL,NULL,NULL,NULL,NULL,NULL),(76,99,'1','2/3',83,'1/3','oz',156,'1',NULL,NULL,NULL,NULL,NULL,NULL,NULL,NULL,NULL,NULL,NULL,NULL,NULL,NULL,NULL,NULL,NULL,NULL,NULL),(77,202,'2','1/2',83,'1','1/2',134,'1','twist',NULL,NULL,NULL,NULL,NULL,NULL,NULL,NULL,NULL,NULL,NULL,NULL,NULL,NULL,NULL,NULL,NULL,NULL),(78,84,'1','1/2',99,'3/4','oz',28,'1','dash',134,'1','twist',NULL,NULL,NULL,NULL,NULL,NULL,NULL,NULL,NULL,NULL,NULL,NULL,NULL,NULL,NULL),(79,179,'5',NULL,142,'2.5',NULL,177,'2.5',NULL,NULL,'1.5',NULL,12,'2',NULL,280,NULL,NULL,284,'2',NULL,NULL,NULL,NULL,NULL,NULL,NULL),(80,53,'2','tblsp',152,'6','oz',206,'6','oz',NULL,NULL,NULL,NULL,NULL,NULL,NULL,NULL,NULL,NULL,NULL,NULL,NULL,NULL,NULL,NULL,NULL,NULL),(81,85,'1/2','cup',214,'3','tblsp',66,'13','oz',152,'3/4','cup',226,'1','tsp',195,'1','tsp',245,NULL,NULL,NULL,NULL,NULL,NULL,NULL,NULL),(82,40,'60',NULL,141,NULL,NULL,88,'3',NULL,NULL,NULL,NULL,NULL,NULL,NULL,NULL,NULL,NULL,NULL,NULL,NULL,NULL,NULL,NULL,NULL,NULL,NULL),(83,36,'3/4','oz',99,'3/4','oz',217,'3/4','oz',43,NULL,NULL,134,NULL,NULL,NULL,NULL,NULL,NULL,NULL,NULL,NULL,NULL,NULL,NULL,NULL,NULL),(84,19,'3/4','oz',99,'1','1/2',83,'3/4','oz',112,'1','tsp',133,'1/4','tsp',270,'1',NULL,NULL,NULL,NULL,NULL,NULL,NULL,NULL,NULL,NULL),(85,231,'5',NULL,127,'1',NULL,215,'1',NULL,NULL,NULL,NULL,NULL,NULL,NULL,NULL,NULL,NULL,NULL,NULL,NULL,NULL,NULL,NULL,NULL,NULL,NULL),(86,195,'1',NULL,228,'1/2',NULL,89,'1',NULL,61,'1',NULL,NULL,NULL,NULL,NULL,NULL,NULL,NULL,NULL,NULL,NULL,NULL,NULL,NULL,NULL,NULL),(87,93,'1/2','oz',6,'1/2','oz',218,'1','dash',NULL,NULL,NULL,NULL,NULL,NULL,NULL,NULL,NULL,NULL,NULL,NULL,NULL,NULL,NULL,NULL,NULL,NULL),(88,231,'2',NULL,115,'1',NULL,92,NULL,NULL,252,'1',NULL,12,'2',NULL,224,NULL,NULL,NULL,NULL,NULL,NULL,NULL,NULL,NULL,NULL,NULL),(89,10,'1','oz',231,'1','oz',1,'1','oz',NULL,'1','oz',25,'1','oz',NULL,NULL,NULL,NULL,NULL,NULL,NULL,NULL,NULL,NULL,NULL,NULL),(90,127,'1','oz',199,'1','oz',33,'1','oz',22,'1','oz',NULL,NULL,NULL,NULL,NULL,NULL,NULL,NULL,NULL,NULL,NULL,NULL,NULL,NULL,NULL),(91,99,'2','oz',225,'1/2','oz',NULL,NULL,NULL,NULL,NULL,NULL,NULL,NULL,NULL,NULL,NULL,NULL,NULL,NULL,NULL,NULL,NULL,NULL,NULL,NULL,NULL),(92,202,'1','oz',217,'1','oz',28,'1','dash',215,'1/4','tsp',NULL,NULL,NULL,NULL,NULL,NULL,NULL,NULL,NULL,NULL,NULL,NULL,NULL,NULL,NULL),(93,10,'1/2','oz',75,'1/2','oz',137,'2','oz',NULL,NULL,NULL,NULL,NULL,NULL,NULL,NULL,NULL,NULL,NULL,NULL,NULL,NULL,NULL,NULL,NULL,NULL),(94,61,'1/2','cup',152,'1/2','cup',214,'1-2','tsp',NULL,NULL,NULL,NULL,NULL,NULL,NULL,NULL,NULL,NULL,NULL,NULL,NULL,NULL,NULL,NULL,NULL,NULL),(95,99,'1','1/2',214,'2','tsp',133,'1','1/2',47,'4','oz',256,'1',NULL,148,'1',NULL,NULL,NULL,NULL,NULL,NULL,NULL,NULL,NULL,NULL),(96,64,'1','1/2',10,'3/4','oz',NULL,NULL,NULL,NULL,NULL,NULL,NULL,NULL,NULL,NULL,NULL,NULL,NULL,NULL,NULL,NULL,NULL,NULL,NULL,NULL,NULL),(97,231,'4.5',NULL,184,'1.5',NULL,176,'1.5',NULL,NULL,NULL,NULL,NULL,NULL,NULL,NULL,NULL,NULL,NULL,NULL,NULL,NULL,NULL,NULL,NULL,NULL,NULL),(98,99,'1',NULL,139,'1',NULL,217,'1',NULL,161,NULL,NULL,NULL,NULL,NULL,NULL,NULL,NULL,NULL,NULL,NULL,NULL,NULL,NULL,NULL,NULL,NULL),(99,32,'2','oz',26,'1/2','oz',132,'Juice','of',141,'Juice','of',132,'1','slice',141,'1','slice',NULL,NULL,NULL,NULL,NULL,NULL,NULL,NULL,NULL),(100,191,'750',NULL,214,'1/2',NULL,211,'8',NULL,133,'2-3',NULL,NULL,NULL,NULL,NULL,NULL,NULL,NULL,NULL,NULL,NULL,NULL,NULL,NULL,NULL,NULL),(101,138,'1','1/2',225,'1','tblsp',142,'1','1/2',214,'1','tsp',270,'1',NULL,118,'1','cup',NULL,NULL,NULL,NULL,NULL,NULL,NULL,NULL,NULL),(102,138,'2','oz',142,'1','tblsp',153,'6',NULL,214,'1','tsp',NULL,NULL,NULL,NULL,NULL,NULL,NULL,NULL,NULL,NULL,NULL,NULL,NULL,NULL,NULL),(103,138,'1','1/2',175,'4','chunks',142,'1','tblsp',214,'1/2','tsp',NULL,NULL,NULL,NULL,NULL,NULL,NULL,NULL,NULL,NULL,NULL,NULL,NULL,NULL,NULL),(104,241,'1','cup',96,'1','cup',NULL,NULL,NULL,NULL,NULL,NULL,NULL,NULL,NULL,NULL,NULL,NULL,NULL,NULL,NULL,NULL,NULL,NULL,NULL,NULL,NULL),(105,195,'2',NULL,20,'1',NULL,180,'1',NULL,132,'Juice','of',206,NULL,NULL,NULL,NULL,NULL,NULL,NULL,NULL,NULL,NULL,NULL,NULL,NULL,NULL),(106,170,'5','parts',133,'3','parts',98,'1','part',254,'1','part',NULL,NULL,NULL,NULL,NULL,NULL,NULL,NULL,NULL,NULL,NULL,NULL,NULL,NULL,NULL),(107,99,'2','1/2',142,'1/2',NULL,215,'1/2',NULL,141,NULL,NULL,NULL,NULL,NULL,NULL,NULL,NULL,NULL,NULL,NULL,NULL,NULL,NULL,NULL,NULL,NULL),(108,99,'2',NULL,206,'5',NULL,141,NULL,NULL,NULL,NULL,NULL,NULL,NULL,NULL,NULL,NULL,NULL,NULL,NULL,NULL,NULL,NULL,NULL,NULL,NULL,NULL),(109,99,'2','oz',43,NULL,NULL,182,NULL,NULL,255,NULL,NULL,134,NULL,NULL,NULL,NULL,NULL,NULL,NULL,NULL,NULL,NULL,NULL,NULL,NULL,NULL),(110,99,'2','oz',133,'1','oz',214,'1/2','tsp',112,'1/2','tsp',148,'1',NULL,256,'1',NULL,NULL,NULL,NULL,NULL,NULL,NULL,NULL,NULL,NULL),(111,99,'2','oz',132,'Juice','of',182,'1','tsp',43,NULL,NULL,NULL,NULL,NULL,NULL,NULL,NULL,NULL,NULL,NULL,NULL,NULL,NULL,NULL,NULL,NULL),(112,99,'6',NULL,133,'8',NULL,134,'1',NULL,118,NULL,NULL,NULL,NULL,NULL,NULL,NULL,NULL,NULL,NULL,NULL,NULL,NULL,NULL,NULL,NULL,NULL),(113,99,'2','oz',112,'1','tsp',132,'Juice','of',206,'Top','up',141,NULL,NULL,NULL,NULL,NULL,NULL,NULL,NULL,NULL,NULL,NULL,NULL,NULL,NULL),(114,99,'2','oz',132,'Juice','of',182,'1','tsp',232,'1','tsp',161,'Twist','of',NULL,NULL,NULL,NULL,NULL,NULL,NULL,NULL,NULL,NULL,NULL,NULL),(115,99,'2','oz',43,'1','oz',214,'1','cube',153,'4',NULL,256,'1','slice',270,'1',NULL,NULL,NULL,NULL,NULL,NULL,NULL,NULL,NULL,NULL),(116,99,'2','oz',133,'1','oz',214,'1/2','tsp',256,'1',NULL,148,'1',NULL,NULL,NULL,NULL,NULL,NULL,NULL,NULL,NULL,NULL,NULL,NULL,NULL),(117,99,'4',NULL,224,'10',NULL,134,'1',NULL,118,NULL,NULL,NULL,NULL,NULL,NULL,NULL,NULL,NULL,NULL,NULL,NULL,NULL,NULL,NULL,NULL,NULL),(118,145,'1','1/2',169,'1','1/2',33,'1','1/2',216,'3','cl',NULL,NULL,NULL,NULL,NULL,NULL,NULL,NULL,NULL,NULL,NULL,NULL,NULL,NULL,NULL),(119,111,'3/4','oz',75,'3/4','oz',137,'3/4','oz',NULL,NULL,NULL,NULL,NULL,NULL,NULL,NULL,NULL,NULL,NULL,NULL,NULL,NULL,NULL,NULL,NULL,NULL),(120,231,'1','1/2',109,'3',NULL,NULL,NULL,NULL,NULL,NULL,NULL,NULL,NULL,NULL,NULL,NULL,NULL,NULL,NULL,NULL,NULL,NULL,NULL,NULL,NULL,NULL),(121,231,'1','oz',98,'1/2','oz',160,'4','oz',NULL,NULL,NULL,NULL,NULL,NULL,NULL,NULL,NULL,NULL,NULL,NULL,NULL,NULL,NULL,NULL,NULL,NULL),(122,138,'1','oz',176,'1','oz',133,'1','tsp',NULL,NULL,NULL,NULL,NULL,NULL,NULL,NULL,NULL,NULL,NULL,NULL,NULL,NULL,NULL,NULL,NULL,NULL),(123,99,'2','oz',225,'1/2','oz',176,'1','tblsp',NULL,NULL,NULL,NULL,NULL,NULL,NULL,NULL,NULL,NULL,NULL,NULL,NULL,NULL,NULL,NULL,NULL,NULL),(124,202,'1','1/2',217,'3/4','oz',158,'2','dashes',156,'1',NULL,NULL,NULL,NULL,NULL,NULL,NULL,NULL,NULL,NULL,NULL,NULL,NULL,NULL,NULL,NULL),(125,138,'1/2','oz',32,'1','1/2',132,'Juice','of',182,'1','tsp',43,NULL,NULL,NULL,NULL,NULL,NULL,NULL,NULL,NULL,NULL,NULL,NULL,NULL,NULL),(126,141,NULL,NULL,37,'2',NULL,165,'4',NULL,101,'top','up',118,NULL,NULL,NULL,NULL,NULL,NULL,NULL,NULL,NULL,NULL,NULL,NULL,NULL,NULL),(127,121,'1','oz',167,'1/2','oz',160,'1','oz',216,'1','oz',256,'1','slice',270,'1',NULL,NULL,NULL,NULL,NULL,NULL,NULL,NULL,NULL,NULL),(128,16,'1','1/2',112,'1','tsp',141,'Juice','of',NULL,NULL,NULL,NULL,NULL,NULL,NULL,NULL,NULL,NULL,NULL,NULL,NULL,NULL,NULL,NULL,NULL,NULL),(129,118,'4-5',NULL,220,'2','oz',226,'1','tsp',58,'10-12','oz',NULL,NULL,NULL,NULL,NULL,NULL,NULL,NULL,NULL,NULL,NULL,NULL,NULL,NULL,NULL),(130,152,'2','cups',53,NULL,NULL,154,NULL,NULL,NULL,NULL,NULL,NULL,NULL,NULL,NULL,NULL,NULL,NULL,NULL,NULL,NULL,NULL,NULL,NULL,NULL,NULL),(131,61,'1','part',106,'2','parts',NULL,NULL,NULL,NULL,NULL,NULL,NULL,NULL,NULL,NULL,NULL,NULL,NULL,NULL,NULL,NULL,NULL,NULL,NULL,NULL,NULL),(132,76,'1','part',47,'5','parts',NULL,NULL,NULL,NULL,NULL,NULL,NULL,NULL,NULL,NULL,NULL,NULL,NULL,NULL,NULL,NULL,NULL,NULL,NULL,NULL,NULL),(133,71,'4','cl',15,'2','cl',201,'7','cl',17,'8','cl',118,NULL,NULL,NULL,NULL,NULL,NULL,NULL,NULL,NULL,NULL,NULL,NULL,NULL,NULL),(134,129,'1','part',27,'2','parts',118,NULL,NULL,NULL,NULL,NULL,NULL,NULL,NULL,NULL,NULL,NULL,NULL,NULL,NULL,NULL,NULL,NULL,NULL,NULL,NULL),(135,1,'2','oz',130,'1/2','tsp',NULL,NULL,NULL,NULL,NULL,NULL,NULL,NULL,NULL,NULL,NULL,NULL,NULL,NULL,NULL,NULL,NULL,NULL,NULL,NULL,NULL),(136,99,'2','oz',137,'2','tsp',182,'1','tsp',132,'Juice','of',86,'1',NULL,43,NULL,NULL,NULL,NULL,NULL,NULL,NULL,NULL,NULL,NULL,NULL),(137,60,'30',NULL,109,'75',NULL,206,NULL,NULL,NULL,NULL,NULL,NULL,NULL,NULL,NULL,NULL,NULL,NULL,NULL,NULL,NULL,NULL,NULL,NULL,NULL,NULL),(138,98,'1/2','oz',4,'1/2','oz',132,NULL,NULL,214,'Bacardi',NULL,1,NULL,NULL,NULL,NULL,NULL,NULL,NULL,NULL,NULL,NULL,NULL,NULL,NULL,NULL),(139,141,'Juice','of',214,'1','tblsp',206,NULL,'(seltzer',262,NULL,NULL,NULL,NULL,NULL,NULL,NULL,NULL,NULL,NULL,NULL,NULL,NULL,NULL,NULL,NULL,NULL),(140,202,'2','oz',82,'1/2','oz',83,'1/2','oz',134,'1','twist',NULL,NULL,NULL,NULL,NULL,NULL,NULL,NULL,NULL,NULL,NULL,NULL,NULL,NULL,NULL),(141,138,'1','oz',162,'1/2','oz',225,'1/2','oz',216,'1','1/2',270,'1',NULL,NULL,NULL,NULL,NULL,NULL,NULL,NULL,NULL,NULL,NULL,NULL,NULL),(142,217,'3/4','oz',35,'2','1/2',12,'dash',NULL,118,'2','or',148,'1',NULL,161,'1','twist',NULL,NULL,NULL,NULL,NULL,NULL,NULL,NULL,NULL),(143,221,'1','1/2',225,'1/2','oz',142,'1','oz',198,NULL,NULL,NULL,NULL,NULL,NULL,NULL,NULL,NULL,NULL,NULL,NULL,NULL,NULL,NULL,NULL,NULL),(144,99,'1','2/3',83,'1/3','oz',156,'1',NULL,NULL,NULL,NULL,NULL,NULL,NULL,NULL,NULL,NULL,NULL,NULL,NULL,NULL,NULL,NULL,NULL,NULL,NULL),(145,1,'5','oz',174,'frozen',NULL,79,'frozen',NULL,NULL,NULL,NULL,NULL,NULL,NULL,NULL,NULL,NULL,NULL,NULL,NULL,NULL,NULL,NULL,NULL,NULL,NULL),(146,47,'Chilled',NULL,160,'2','oz',NULL,NULL,NULL,NULL,NULL,NULL,NULL,NULL,NULL,NULL,NULL,NULL,NULL,NULL,NULL,NULL,NULL,NULL,NULL,NULL,NULL),(147,138,'2-3','oz',141,'Juice','of',214,'2','tsp',153,'2-4',NULL,206,NULL,NULL,NULL,NULL,NULL,NULL,NULL,NULL,NULL,NULL,NULL,NULL,NULL,NULL),(148,232,'3','cups',214,'1','cup',56,'12',NULL,55,'2',NULL,134,'1',NULL,188,'750','ml',36,'1/4','cup',NULL,NULL,NULL,NULL,NULL,NULL),(149,99,'5',NULL,142,'2',NULL,102,'10',NULL,264,NULL,NULL,132,NULL,NULL,NULL,NULL,NULL,NULL,NULL,NULL,NULL,NULL,NULL,NULL,NULL,NULL),(150,99,'1','oz',41,'1','oz',217,'1','oz',NULL,NULL,NULL,NULL,NULL,NULL,NULL,NULL,NULL,NULL,NULL,NULL,NULL,NULL,NULL,NULL,NULL,NULL),(151,236,'2',NULL,215,'1',NULL,142,'1',NULL,12,'2',NULL,183,'2',NULL,NULL,NULL,NULL,NULL,NULL,NULL,NULL,NULL,NULL,NULL,NULL,NULL),(152,35,'4.5',NULL,12,'2',NULL,214,'1',NULL,232,NULL,NULL,NULL,NULL,NULL,NULL,NULL,NULL,NULL,NULL,NULL,NULL,NULL,NULL,NULL,NULL,NULL),(153,197,'2',NULL,41,'1',NULL,83,'1',NULL,NULL,NULL,NULL,NULL,NULL,NULL,NULL,NULL,NULL,NULL,NULL,NULL,NULL,NULL,NULL,NULL,NULL,NULL),(154,138,'3/4','oz',36,'3/4','oz',132,'Juice','of',185,'2','tsp',NULL,NULL,NULL,NULL,NULL,NULL,NULL,NULL,NULL,NULL,NULL,NULL,NULL,NULL,NULL),(155,35,'2',NULL,185,'1/2',NULL,153,NULL,NULL,NULL,NULL,NULL,NULL,NULL,NULL,NULL,NULL,NULL,NULL,NULL,NULL,NULL,NULL,NULL,NULL,NULL,NULL),(156,99,'50',NULL,33,'15',NULL,224,'100',NULL,267,'Garnish',NULL,NULL,NULL,NULL,NULL,NULL,NULL,NULL,NULL,NULL,NULL,NULL,NULL,NULL,NULL,NULL),(157,99,'2','oz',132,'Juice','of',182,'1','tsp',85,'1','whole',43,NULL,NULL,NULL,NULL,NULL,NULL,NULL,NULL,NULL,NULL,NULL,NULL,NULL,NULL),(158,195,'mikey','bottle',101,'large','bottle',97,'355','ml',160,'355','ml',118,'crushed',NULL,NULL,NULL,NULL,NULL,NULL,NULL,NULL,NULL,NULL,NULL,NULL,NULL),(159,231,'2','cl',74,'2','cl',112,NULL,NULL,160,NULL,NULL,NULL,NULL,NULL,NULL,NULL,NULL,NULL,NULL,NULL,NULL,NULL,NULL,NULL,NULL,NULL),(160,231,'1','1/2',70,'4','oz',109,'1','oz',NULL,NULL,NULL,NULL,NULL,NULL,NULL,NULL,NULL,NULL,NULL,NULL,NULL,NULL,NULL,NULL,NULL,NULL),(161,8,'1','1/2',135,'8-10','oz',132,'1','slice',118,NULL,NULL,NULL,NULL,NULL,NULL,NULL,NULL,NULL,NULL,NULL,NULL,NULL,NULL,NULL,NULL,NULL),(162,183,'6',NULL,41,'4',NULL,206,NULL,NULL,NULL,NULL,NULL,NULL,NULL,NULL,NULL,NULL,NULL,NULL,NULL,NULL,NULL,NULL,NULL,NULL,NULL,NULL),(163,221,'2','measures',160,NULL,NULL,112,NULL,NULL,NULL,NULL,NULL,NULL,NULL,NULL,NULL,NULL,NULL,NULL,NULL,NULL,NULL,NULL,NULL,NULL,NULL,NULL),(164,202,'1','1/2',239,'1','oz',160,'1','oz',NULL,NULL,NULL,NULL,NULL,NULL,NULL,NULL,NULL,NULL,NULL,NULL,NULL,NULL,NULL,NULL,NULL,NULL),(165,232,'1','cup',37,'3/4-1','cup',61,'4','tsp',195,'1','cup',226,'4','tsp',NULL,NULL,NULL,NULL,NULL,NULL,NULL,NULL,NULL,NULL,NULL,NULL),(166,83,'1','1/2',99,'1','1/2',149,'1/4','tsp',NULL,'1/4','tsp',158,'2','dashes',270,'1',NULL,NULL,NULL,NULL,NULL,NULL,NULL,NULL,NULL,NULL),(167,19,'1','1/2',160,'1','tblsp',158,'2','dashes',NULL,NULL,NULL,NULL,NULL,NULL,NULL,NULL,NULL,NULL,NULL,NULL,NULL,NULL,NULL,NULL,NULL,NULL),(168,221,'6',NULL,223,'3',NULL,160,'3',NULL,142,'1.5',NULL,215,'1',NULL,198,'1',NULL,NULL,NULL,NULL,NULL,NULL,NULL,NULL,NULL,NULL),(169,231,'1','1/2',83,'3/4','oz',156,'1',NULL,NULL,NULL,NULL,NULL,NULL,NULL,NULL,NULL,NULL,NULL,NULL,NULL,NULL,NULL,NULL,NULL,NULL,NULL),(170,231,'4',NULL,224,'10',NULL,134,'1',NULL,NULL,NULL,NULL,NULL,NULL,NULL,NULL,NULL,NULL,NULL,NULL,NULL,NULL,NULL,NULL,NULL,NULL,NULL),(171,202,'1','1/2',239,'1','oz',NULL,NULL,NULL,NULL,NULL,NULL,NULL,NULL,NULL,NULL,NULL,NULL,NULL,NULL,NULL,NULL,NULL,NULL,NULL,NULL,NULL),(172,236,'3',NULL,98,'1.5',NULL,225,'1.5',NULL,142,'1.5',NULL,NULL,NULL,NULL,NULL,NULL,NULL,NULL,NULL,NULL,NULL,NULL,NULL,NULL,NULL,NULL),(173,195,'1','1/2',104,'1','1/2',1,'1',NULL,272,'1',NULL,112,'1',NULL,142,'1',NULL,12,'1',NULL,NULL,NULL,NULL,NULL,NULL,NULL),(174,199,'2','cl',22,'2','cl',235,'2','cl',NULL,NULL,NULL,NULL,NULL,NULL,NULL,NULL,NULL,NULL,NULL,NULL,NULL,NULL,NULL,NULL,NULL,NULL);
/*!40000 ALTER TABLE `tblcocktailrecipes` ENABLE KEYS */;
UNLOCK TABLES;

--
-- Table structure for table `tblcocktails`
--

DROP TABLE IF EXISTS `tblcocktails`;
/*!40101 SET @saved_cs_client     = @@character_set_client */;
/*!50503 SET character_set_client = utf8mb4 */;
CREATE TABLE `tblcocktails` (
  `idDrink` int(11) NOT NULL AUTO_INCREMENT,
  `strDrink` varchar(255) NOT NULL,
  `idDrinkType` int(11) DEFAULT NULL,
  `isAlcoholic` tinyint(1) DEFAULT NULL,
  `idGlass` int(11) DEFAULT NULL,
  `idColor` int(11) DEFAULT NULL,
  `strInstructions` text DEFAULT NULL,
  `strPicture` varchar(255) DEFAULT NULL,
  `intShakeDuration` int(11) DEFAULT 0,
  PRIMARY KEY (`idDrink`),
  KEY `idDrinkType` (`idDrinkType`),
  KEY `idGlass` (`idGlass`),
  KEY `idColor` (`idColor`),
  CONSTRAINT `tblcocktails_ibfk_1` FOREIGN KEY (`idDrinkType`) REFERENCES `tbldrinktype` (`id`),
  CONSTRAINT `tblcocktails_ibfk_2` FOREIGN KEY (`idGlass`) REFERENCES `tblglasses` (`id`),
  CONSTRAINT `tblcocktails_ibfk_3` FOREIGN KEY (`idColor`) REFERENCES `tblcolors` (`id`)
) ENGINE=InnoDB AUTO_INCREMENT=175 DEFAULT CHARSET=utf8mb3 COLLATE=utf8mb3_general_ci;
/*!40101 SET character_set_client = @saved_cs_client */;

--
-- Dumping data for table `tblcocktails`
--

LOCK TABLES `tblcocktails` WRITE;
/*!40000 ALTER TABLE `tblcocktails` DISABLE KEYS */;
INSERT INTO `tblcocktails` VALUES (1,'151 Florida Bushwacker',9,1,2,10,'Combine all ingredients. Blend until smooth. Garnish with chocolate shavings if desired.','151-Florida-Bushwacker.webp',0),(2,'155 Belmont',2,1,20,2,'Blend with ice. Serve in a wine glass. Garnish with carrot.','155-Belmont.webp',0),(3,'24k nightmare',10,1,18,8,'Add over ice,shake and pour.','24k-nightmare.webp',0),(4,'252',10,1,18,1,'Add both ingredients to shot glass, shoot, and get drunk quick','252.webp',0),(5,'3 Wise Men',10,1,7,8,'Put them them in a glass... and slam it to tha head.','3-Wise-Men.webp',0),(6,'3-Mile Long Island Iced Tea',6,1,7,8,'Fill 14oz glass with ice and alcohol. Fill 2/3 glass with cola and remainder with sweet & sour. Top with dash of bitters and lemon wedge.','3-Mile-Long-island-iced-tea.webp',0),(7,'50/50',6,1,7,9,'Fill glass with crushed ice. Add vodka. Add a splash of grand-marnier. Fill with o.j.','50-50.webp',0),(8,'57 Chevy with a White License Plate',2,1,10,2,'1. Fill a rocks glass with ice 2.add white creme de cacao and vodka 3.stir','57-Chevy-with-a-White-License-Plate.webp',0),(9,'69 Special',6,1,7,9,'Pour 2 oz. gin. Add 4 oz. 7-up. Add Lemon Juice for flavor. If you are weak, top up glass with more 7-Up.','69-Special.webp',0),(10,'747',10,1,18,1,'Pour kaluha, then Baileys, then Frangelico not chilled and not layered -- SERVE!!!','747.webp',0),(11,'747 Drink',2,1,10,1,'Fill a Collins glass with ice.\nPour in vodka, lime cordial, and cranberry juice.\nFill up with Sprite.\nGarnish with a Lime wheel or some cranberries','747-drink.webp',0),(12,'A J',6,1,5,10,'Shake ingredients with ice, strain into a cocktail glass, and serve.','A-J.webp',0),(13,'A1',2,1,5,1,'Pour all ingredients into a cocktail shaker, mix and serve over ice into a chilled glass.','A-1.webp',0),(14,'Abilene',6,1,10,3,'Pour all of the ingredients into a highball glass almost filled with ice cubes. Stir well.','Abilene.webp',0),(15,'Acapulco',6,1,15,3,'Combine and shake all ingredients (except mint) with ice and strain into an old-fashioned glass over ice cubes. Add the sprig of mint and serve.','Acapulco.webp',0),(16,'Ace',2,1,13,2,'Shake all the ingredients in a cocktail shaker and ice then strain in a cold glass.','ACE.webp',0),(17,'ACID',10,1,18,8,'Poor in the 151 first followed by the 101 served with a Coke or Dr Pepper chaser.','ACID.webp',0),(18,'Affinity',6,1,5,1,'In a mixing glass half-filled with ice cubes, combine all of the ingredients. Stir well. Strain into a cocktail glass.','Affinity.webp',0),(19,'After sex',6,1,10,2,'Pour the vodka and creme over some ice cubes in a tall glass and fill up with juice. to make it beuty full make the top of the glass with a grenadine and sugar','After-sex.webp',0),(20,'Afterglow',2,0,10,1,'Mix. Serve over ice.','Afterglow.webp',0),(21,'Alexander',6,1,5,3,'Shake all ingredients with ice and strain contents into a cocktail glass. Sprinkle nutmeg on top and serve.','Alexander.webp',0),(22,'Allegheny',6,1,5,2,'Shake all ingredients (except lemon peel) with ice and strain into a cocktail glass. Top with the twist of lemon peel and serve.','Allegheny.webp',0),(23,'Almeria',6,1,5,8,'In a shaker half-filled with ice cubes, combine all of the ingredients. Shake well. Strain into a cocktail glass.','Almeria.webp',0),(24,'Americano',6,1,7,1,'Pour the Campari and vermouth over ice into glass, add a splash of soda water and garnish with half orange slice.','Americano.webp',0),(25,'Applecar',6,1,5,8,'Shake all ingredients with ice, strain into a cocktail glass, and serve.','Applecar.webp',0),(26,'Applejack',2,1,5,8,'Add all ingredients into mixing glass, chill and strain into cocktail glass','Applejack.webp',0),(27,'AT&T',6,1,10,9,'Pour Vodka and Gin over ice, add Tonic and Stir','AT&T.webp',0),(28,'Autodaf',6,1,10,9,'Mix and fill up with soda water. Drunk by finns on a sunny day any time of the year and day.','Autodaf.webp',0),(29,'Aviation',2,1,5,6,'Add all ingredients into cocktail shaker filled with ice. Shake well and strain into cocktail glass. Garnish with a cherry.','Aviation.webp',0),(30,'Bahama Mama',2,1,10,1,'Add 2 parts club soda or more or less to taste.\n\nMix it all together and pour over a bunch of ice. Drink with a straw.','Bahama-Mama.webp',0),(31,'Balmoral',6,1,5,8,'In a mixing glass half-filled with ice cubes, combine all of the ingredients. Stir well. Strain into a cocktail glass.','Balmoral-.webp',0),(32,'Barracuda',6,1,12,3,'Shake pour ingredients with ice. Strain into glass, top with Sparkling wine.','Barracuda.webp',0),(33,'Bellini',6,1,4,3,'Pour peach pure into chilled flute, add sparkling wine. Stir gently.','Bellini.webp',0),(34,'Big Red',10,1,18,1,'Pour ingredients into 1 ounce shot glass','Big-Red.webp',0),(35,'Bijou',2,1,5,8,'Stir in mixing glass with ice and strain','Bijou.webp',0),(36,'Blackthorn',6,1,5,8,'Stir sloe gin and vermouth with ice and strain into a cocktail glass. Add the twist of lemon peel and serve.','Blackthorn.webp',0),(37,'Bluebird',6,1,5,5,'In a mixing glass half-filled with crushed ice, combine the gin, triple sec, Curacao, and bitters. Stir well. Strain into a cocktail glass and garnish with the lemon twist and the cherry.','Bluebird.webp',0),(38,'Boomerang',6,1,5,8,'In a mixing glass half-filled with ice cubes, combine the gin, vermouth, bitters, and maraschino liqueur. Stir well. Strain into a cocktail glass and garnish with the cherry.','Boomerang.webp',0),(39,'Bora Bora',2,0,10,1,'Prepare in a blender or shaker, serve in a highball glass on the rocks. Garnish with 1 slice of pineapple and one cherry.','Bora-Bora.webp',0),(40,'Boston Sour',6,1,19,3,'Shake juice of lemon, powdered sugar, blended whiskey, and egg white with cracked ice and strain into a whiskey sour glass. Add the slice of lemon, top with the cherry, and serve.','Boston-Sour.webp',0),(41,'Boxcar',6,1,19,8,'In a shaker half-filled with ice cubes, combine all of the ingredients. Shake well. Strain into a sour glass.','Boxcar.webp',0),(42,'Bramble',6,1,15,1,'Fill glass with crushed ice. Build gin, lemon juice and simple syrup over. Stir, and then pour blackberry liqueur over in a circular fashion to create marbling effect. Garnish with two blackberries and lemon slice.','Bramble.webp',0),(43,'Brigadier',2,1,9,1,'Mix ingredients in a warmed mug and stir.','Brigadier.webp',0),(44,'Broadside',2,1,10,9,'Half fill the glass with ice cubes. Crush the wormwood and add to ice. Pour rum, scotch and butters, then serve!','Broadside.webp',0),(45,'Brooklyn',2,1,5,8,'Combine ingredients with ice and stir until well-chilled. Strain into a chilled cocktail glass.','Brooklyn.webp',0),(46,'Bubble Gum',10,1,18,7,'Layer in order into a shot glass.','Bubble-Gum.webp',0),(47,'Buccaneer',1,1,3,2,'Pour the corona into an 18oz beer glass pour the bacardi limon into the beer stir very gently','Buccaneer.webp',0),(48,'Caipirinha',6,1,15,9,'Place lime and sugar into old fashioned glass and muddle (mash the two ingredients together using a muddler or a wooden spoon). Fill the glass with ice and add the Cachaa.','Caipirinha.webp',0),(49,'Caipirissima',6,1,7,9,'Same as Caipirinha but instead of cachaca you add WHITE RUM. It\'\'s great!!!!!!!!','Caipirissima.webp',0),(50,'Campari Beer',1,1,2,1,'Use a 15 oz glass. Add Campari first. Fill with beer.','Campari-Beer.webp',0),(51,'Casa Blanca',6,1,5,10,'Shake all ingredients with ice, strain into a cocktail glass, and serve.','Casa-Blanca.webp',0),(52,'Casino',6,1,5,8,'Pour all ingredients into shaker with ice cubes. Shake well. Strain into chilled cocktail glass. Garnish with a lemon twist and a maraschino cherry. Serve without a straw.','Casino.webp',0),(53,'Casino Royale',6,1,19,2,'In a shaker half-filled with ice cubes, combine all of the ingredients. Shake well. Strain into a sour glass.','Casino-Royale.webp',0),(54,'Cherry Rum',6,1,5,1,'Shake all ingredients with ice, strain into a cocktail glass, and serve.','Cherry-Rum.webp',0),(55,'Chicago Fizz',6,1,10,1,'Shake all ingredients (except carbonated water) with ice and strain into a highball glass over two ice cubes. Fill with carbonated water, stir, and serve.','Chicago-Fizz.webp',0),(56,'Chocolate Drink',3,0,6,8,'Melt the bar in a small amount of boiling water. Add milk. Cook over low heat, whipping gently (with a whisk, i would assume) until heated well. Don\'\'t let it boil! Serve in coffee mug.','Chocolate-Drink.webp',0),(57,'Citrus Coke',11,1,10,8,'Pour half of coke in a glass. Then add Bacardi and top it off with the remaining coke. Stir and drink up!','Citrus-Coke.webp',0),(58,'City Slicker',6,1,5,1,'In a shaker half-filled with ice cubes, combine all of the ingredients. Shake well. Strain into a cocktail glass.','City-Slicker.webp',0),(59,'Clove Cocktail',6,1,5,2,'Stir all ingredients with ice, strain into a cocktail glass, and serve.','Clove-Cocktail.webp',0),(60,'Clover Club',6,1,5,1,'Dry shake ingredients to emulsify, add ice, shake and served straight up.','Clover-Club.webp',0),(61,'Coffee-Vodka',5,1,7,8,'Boil water and sugar until dissolved. Turn off heat. Slowly add dry instant coffee and continue stirring. Add a chopped vanilla bean to the vodka, then combine the cooled sugar syrup and coffee solution with the vodka. Cover tightly and shake vigorously each day for 3 weeks. Strain and filter. Its also best to let the sugar mixture cool completely so the vodka won\'\'t evaporate when its added. If you like a smoother feel to the liqueur you can add about 1 teaspoon of glycerine to the finished product.','Coffee-Liqueur.webp',0),(62,'Corn n Oil',2,1,15,8,'Cut the half lime in half again. Add the lime, falernum, and bitters to a rocks glass. Muddle. Add the rum. (Aged Barbados rum such as Plantation 5 Year is recommended). Add ice and stir. Float the blackstrap rum on top. Serve with a straw.','Corn-n-Oil.webp',0),(63,'Corpse Reviver',2,1,5,3,'Shake, strain, straight up, cocktail glass rinsed with absinthe','Corpse-Reviver.webp',0),(64,'Cosmopolitan',2,1,5,1,'Add all ingredients into cocktail shaker filled with ice. Shake well and double strain into large cocktail glass. Garnish with lime wheel.','Cosmopolitan.webp',0),(65,'Cream Soda',2,1,10,2,'Pour 1oz of Spiced Rum into a highball glass with ice. Fill with Ginger Ale.','Cream-Soda.webp',0),(66,'Cuba Libre',6,1,10,8,'Build all ingredients in a Collins glass filled with ice. Garnish with lime wedge.','Cuba-Libre.webp',0),(67,'Daiquiri',6,1,5,10,'Pour all ingredients into shaker with ice cubes. Shake well. Strain in chilled cocktail glass.','Daiquiri.webp',0),(68,'Dark and Stormy',6,1,10,8,'In a highball glass filled with ice add 6cl dark rum and top with ginger beer. Garnish with lime wedge.','Dark-and-Stormy.webp',0),(69,'Dark Caipirinha',2,1,10,3,'Muddle the sugar into the lime wedges in an old-fashioned glass.\nFill the glass with ice cubes.\nPour the cachaca into the glass.\nStir well.','Dark-Caipirinha.webp',0),(70,'Darkwood Sling',11,1,5,1,'There are many good cherry liqueurs you can use, but I prefere Heering. Add one share of the liqueur. Then you add one share of Soda. For a sour sling use Tonic (most people prefer the drink without Tonic). Afterwards you fill the glass with Orange Juice and ice cubes.','Darkwood-Sling.webp',0),(71,'Death in the Afternoon',2,1,12,4,'Easy as you like, pour the absinthe into a chilled glass, top with champagne. Must be drunk mid afternoon for the optimum effect.','Death-in-the-afternoon.webp',0),(72,'Derby',6,1,5,9,'Pour all ingredients into a mixing glass with ice. Stir. Strain into a cocktail glass. Garnish with a sprig of fresh mint in the drink.','Derby.webp',0),(73,'Diesel',1,1,16,1,'Pour the lager first then add the blackcurrant cordial. Top up with the cider. The colour sholud be very dark approaching the colour of Guiness.','Diesel.webp',0),(74,'Dirty Martini',2,1,5,9,'Pour the vodka, dry vermouth and olive brine into a cocktail shaker with a handful of ice and shake well.\nRub the rim of a martini glass with the wedge of lemon.\nStrain the contents of the cocktail shaker into the glass and add the olive.\nA dirty Martini contains a splash of olive brine or olive juice and is typically garnished with an olive.','Dirty-Martini.webp',0),(75,'Dragonfly',6,1,10,9,'In a highball glass almost filled with ice cubes, combine the gin and ginger ale. Stir well. Garnish with the lime wedge.','Dragonfly.webp',0),(76,'Dry Martini',2,1,5,9,'Straight: Pour all ingredients into mixing glass with ice cubes. Stir well. Strain in chilled martini cocktail glass. Squeeze oil from lemon peel onto the drink, or garnish with olive.','Dry-Martini.webp',0),(77,'Dry Rob Roy',6,1,5,8,'In a mixing glass half-filled with ice cubes, combine the Scotch and vermouth. Stir well. Strain into a cocktail glass. Garnish with the lemon twist.','Dry-rob-roy.webp',0),(78,'Dubonnet Cocktail',6,1,5,1,'Stir all ingredients (except lemon peel) with ice and strain into a cocktail glass. Add the twist of lemon peel and serve.','Dubonnet-Cocktail.webp',0),(79,'Duchamp\'\'s Punch',2,1,15,3,'Shake all ingredients.\nDouble strain in a chilled double old fashioned glass with abig ice cube.\nGarnish with a couple of lavender sprigs','Duchamps-Punch.webp',0),(80,'Egg Cream',7,0,6,3,'Mix syrup and milk in a fountain glass. Add soda water, serve with a straw.','Egg-Cream.webp',0),(81,'Egg Nog - Healthy',8,1,7,10,'Whip egg substitute and sugar together, combine with the two kinds of milk, vanilla, and rum. Mix well. Chill over night. Sprinkle with nutmeg. Makes 6 servings.','Egg-Nog-Healthy.webp',0),(82,'Elderflower Caipirinha',2,1,7,9,'Take the glass and muddle the lime in it. Fill the glass with crushed ice and add the Cachaca. Stir well and top with some more crushed ice. Garnish with lime and enjoy!','Elderflower-Caipirinha.webp',0),(83,'English Highball',6,1,10,9,'Pour brandy, gin, and sweet vermouth into a highball glass over ice cubes. Fill with carbonated water. Add the twist of lemon peel, stir, and serve. (Ginger ale may be substituted for carbonated water, if preferred.)','English-Highball.webp',0),(84,'English Rose Cocktail',6,1,5,1,'Rub rim of cocktail glass with lemon juice and dip rim of glass in powdered sugar. Shake all ingredients (except cherry) with ice and strain into sugar-rimmed glass. Top with the cherry and serve.','English-Rose-Cocktail.webp',0),(85,'Espresso Martini',2,1,5,8,'Pour ingredients into shaker filled with ice, shake vigorously, and strain into chilled martini glass','Espresso-Martini.webp',0),(86,'Espresso Rumtini',2,1,5,8,'Mix together in a cocktail glass. Garnish with some choclate powder and coffee beans','Espresso-Rumtini.webp',0),(87,'Fahrenheit 5000',10,1,18,1,'Cover bottom of shot glass with Tabasco Sauce and then fill with half Firewater and half Absolut Peppar.','Fahrenheit-5000.webp',0),(88,'Figgy Thyme',2,1,10,7,'In a lewis bag, crush up some ice like a baller/maniac (@glacioice). Pour your precious ice into a collins glass. In a cocktail shaker, muddle the figs and thyme together. Add honey vodka, lemon juice, and a large ice cube (@glacioice). Shake until well chilled, and strain into glass. Add tonic water and finally 2 dashes of angostura bitters. Garnish with sliced figs and thyme.','Figgy-Thyme.webp',0),(89,'Flaming Dr Pepper',10,1,7,8,'Add Amaretto, Bacardi, and vodka. Mix in the Dr. Pepper and beer','Flaming- Dr-Pepper.webp',0),(90,'Flaming Lamborghini',2,1,5,8,'Pour the Sambuca and Kahlua into the Cocktail Glass and give the drinker a straw. Pour the Baileys and Blue Curacao into two sepsrate shot glasses either side of the cocktail glass. Set light the concotion in the cocktail glass and start to drink through the straw (this drink should be drunk in one) , as the bottom of the glass is reached put out the fire by pouring the Baileys and Blue Curacao into the cocktail glass and keep drinking till it\'\'s all gone!!','Flaming-Lamborghini.webp',0),(91,'Flying Dutchman',6,1,15,3,'In an old-fashioned glass almost filled with ice cubes, combine the gin and triple sec. Stir well.','Flying-Dutchman.webp',0),(92,'Flying Scotchman',6,1,5,1,'Shake all ingredients with ice, strain into a cocktail glass, and serve.','Flying-Scotchman.webp',0),(93,'Foxy Lady',6,1,5,7,'Shake all ingredients with ice, strain into a chilled cocktail glass, and serve.','Foxy-Lady.webp',0),(94,'Frapp',4,0,10,3,'Mix together. Blend at highest blender speed for about 1 minute. Pour into a glass and drink with a straw. Notes: This works best if everything is cold (if you make fresh coffee, mix it with the milk and let it sit in the fridge for 1/2 hour. If it is not frothy, add more milk, or even just some more milk powder. The froth gradually turns to liquid at the bottom of the glass, so you will find that you can sit and drink this for about 1/2 hour, with more iced coffee continually appearing at the bottom. Very refreshing.','Frapp.webp',0),(95,'French 75',6,1,7,3,'Combine gin, sugar, and lemon juice in a cocktail shaker filled with ice. Shake vigorously and strain into a chilled champagne glass. Top up with Champagne. Stir gently.','French-75.webp',0),(96,'French Connection',6,1,15,8,'Pour all ingredients directly into old fashioned glass filled with ice cubes. Stir gently.','French-Connection.webp',0),(97,'French Martini',2,1,5,7,'Pour all ingredients into shaker with ice cubes. Shake well and strain into a chilled cocktail glass. Squeeze oil from lemon peel onto the drink.','French-Martini.webp',0),(98,'French Negroni',2,1,13,1,'Add ice to a shaker and pour in all ingredients.\nUsing a bar spoon, stir 40 to 45 revolutions or until thoroughly chilled.\nStrain into a martini glass or over ice into a rocks glass. Garnish with orange twist.','French-Negroni.webp',0),(99,'Frisco Sour',6,1,19,3,'Shake all ingredients (except slices of lemon and lime) with ice and strain into a whiskey sour glass. Decorate with the slices of lemon and lime and serve.','Frisco-Sour.webp',0),(100,'Fros',2,1,5,7,'Step 1\nPour ros into a 13x9\" pan and freeze until almost solid (it won\'\'t completely solidify due to the alcohol), at least 6 hours.\n\nStep 2\nMeanwhile, bring sugar and  cup water to a boil in a medium saucepan; cook, stirring constantly, until sugar dissolves, about 3 minutes. Add strawberries, remove from heat, and let sit 30 minutes to infuse syrup with strawberry flavor. Strain through a fine-mesh sieve into a small bowl (do not press on solids); cover and chill until cold, about 30 minutes.\n\nStep 3\nScrape ros into a blender. Add lemon juice, 3 ounces strawberry syrup, and 1 cup crushed ice and pure until smooth. Transfer blender jar to freezer and freeze until fros is thickened (aim for milkshake consistency), 2535 minutes.\n\nStep 4\nBlend again until fros is slushy. Divide among glasses.\n\nStep 5\nDo Ahead: Ros can be frozen 1 week ahead.','Fros.webp',0),(101,'Frozen Daiquiri',6,1,4,3,'Combine all ingredients (except for the cherry) in an electric blender and blend at a low speed for five seconds, then blend at a high speed until firm. Pour contents into a champagne flute, top with the cherry, and serve.','Frozen-Daiquiri.webp',0),(102,'Frozen Mint Daiquiri',6,1,15,4,'Combine all ingredients with 1 cup of crushed ice in an electric blender. Blend at a low speed for a short length of time. Pour into an old-fashioned glass and serve.','Frozen-Mint-Daiquiri.webp',0),(103,'Frozen Pineapple Daiquiri',6,1,5,3,'Combine all ingredients with 1 cup of crushed ice in an electric blender. Blend at a low speed for a short length of time. Pour into a cocktail glass and serve.','Frozen-Pineapple-Daiquiri.webp',0),(104,'Fruit Flip-Flop',7,0,10,3,'Place all ingredients in the blender jar - cover and whiz on medium speed until well blended. Pour in one tall, 2 medium or 3 small glasses and drink up.','Fruit-Flip-Flop.webp',0),(105,'Funk and Soul',2,1,7,7,'Mix all ingredients together and strain into a Collins glass. Use Jamaican rum where possible for a more authentic taste.','Funk-and-Soul.webp',0),(106,'Gagliardo',2,1,5,7,'Shake well and serve in a cocktail glass. This is a home cocktail of American/Internet Bar del Pozzo, Pavia, Italy.','Gagliardo.webp',0),(107,'Gimlet',2,1,13,3,'Add all the ingredients to a shaker and fill with ice.\n\nShake, and strain into a chilled cocktail glass or an Old Fashioned glass filled with fresh ice.\n\nGarnish with a lime wheel.','Gimlet.webp',0),(108,'Gin and Soda',2,1,10,9,'Pour the Gin and Soda water into a highball glass almost filled with ice cubes.\nStir well.\nGarnish with the lime wedge.','Gin-and-Soda.webp',0),(109,'Gin Cooler',6,1,7,9,'Stir powdered sugar and 2 oz. carbonated water in a collins glass. Fill glass with ice and add gin. Fill with carbonated water and stir. Add the lemon peel and the orange spiral so that the end of the orange spiral dangles over rim of glass.','Gin-Cooler.webp',0),(110,'Gin Daisy',6,1,15,7,'In a shaker half-filled with ice cubes, combine the gin, lemon juice, sugar, and grenadine. Shake well. Pour into an old-fashioned glass and garnish with the cherry and the orange slice.','Gin-Daisy.webp',0),(111,'Gin Fizz',6,1,10,9,'Shake all ingredients with ice cubes, except soda water. Pour into glass. Top with soda water.','Gin-Fizz.webp',0),(112,'Gin Lemon',2,1,10,3,'For the preparation of the gin lemon you will not need the shaker. Fill the tumbler with ice, pour the gin and lemonade over it. Gently mix and decorate with a slice of lemon. Those who prefer can also add a few mint leaves. Your gin lemon is ready to be served.','Gin-lemon.webp',0),(113,'Gin Rickey',2,1,10,9,'Half-fill a tall glass with ice. Mix the gin and Grenadine together and pour over the ice. Add the lime or lemon juice and top off with soda water. Decorate the glass with lime and/or lemon slices.','Gin-Rickey.webp',0),(114,'Gin Sling',6,1,15,9,'Dissolve powdered sugar in mixture of water and juice of lemon. Add gin. Pour into an old-fashioned glass over ice cubes and stir. Add the twist of orange peel and serve.','Gin-Sling.webp',0),(115,'Gin Smash',6,1,15,9,'Muddle sugar with carbonated water and mint sprigs in an old-fashioned glass. Add gin and 1 ice cube. Stir, add the orange slice and the cherry, and serve.','Gin-Smash.webp',0),(116,'Gin Sour',6,1,19,3,'In a shaker half-filled with ice cubes, combine the gin, lemon juice, and sugar. Shake well. Strain into a sour glass and garnish with the orange slice and the cherry.','Gin-Sour.webp',0),(117,'Gin Tonic',2,1,10,9,'Fill a highball glass with ice, pour the gin, top with tonic water and squeeze a lemon wedge and garnish with a lemon wedge.','Gin-Tonic.webp',0),(118,'Grand Blue',6,1,15,5,'Serve in an old fashioned glass.','Grand-Blue.webp',0),(119,'Grasshopper',6,1,5,4,'Pour ingredients into a cocktail shaker with ice. Shake briskly and then strain into a chilled cocktail glass.','Grasshopper.webp',0),(120,'Greyhound',2,1,7,1,'Add the vodka to a Collins glass filled with ice.\nTop with grapefruit juice and stir.','Greyhound.webp',0),(121,'Harvey Wallbanger',6,1,7,3,'Stir the vodka and orange juice with ice in the glass, then float the Galliano on top. Garnish and serve.','Harvey-Wallbanger.webp',0),(122,'Havana Cocktail',6,1,5,3,'In a shaker half-filled with ice cubes, combine all of the ingredients. Shake well. Strain into a cocktail glass.','Havana-Cocktail.webp',0),(123,'Hawaiian Cocktail',6,1,5,5,'Shake all ingredients with ice, strain into a cocktail glass, and serve.','Hawaiian-Cocktail.webp',0),(124,'Highland Fling Cocktail',6,1,5,2,'Stir all ingredients (except olive) with ice and strain into a cocktail glass. Add the olive and serve.','Highland-Fling-Cocktail.webp',0),(125,'Imperial Fizz',6,1,10,3,'Shake all ingredients (except carbonated water) with ice and strain into a highball glass over two ice cubes. Fill with carbonated water, stir, and serve.','Imperial_Fizz.webp',0),(126,'Ipamena',6,0,21,3,'Cut half a lime into pieces, place in a shaker, add the sugar and crush. Measure the passion fruit juice, add it to the shaker and fill up with ice cubes. Close the shaker and shake vigorously. Pour the liquid into a glass, top up with ginger ale, stir with a teaspoon and then garnish the rim of the glass with a slice of lime','Ipanema.webp',0),(127,'Irish Spring',6,1,7,3,'Pour all ingredients (except orange slice and cherry) into a collins glass over ice cubes. Garnish with the slice of orange, add the cherry on top, and serve.','Irish-Spring.webp',0),(128,'Jack Rose Cocktail',6,1,5,1,'Shake all ingredients with ice, strain into a cocktail glass, and serve.','Jack-Rose.webp',0),(129,'Jack\'\'s Vanilla Coke',7,1,15,8,'After pouring in your ingredients, and adding 3-5 ice cubes, according to taste. Stir the drink with a stirrer to get the Vanilla off the bottom.','Jack-s-Vanilla-Coke.webp',0),(130,'Just a Moonmint',9,0,10,8,'Place all ingredients in the blender jar - cover and whiz on medium speed until well blended. Pour in one tall, 2 medium or 3 small glasses and drink up.','Just-a-Moonmint.webp',0),(131,'Karsk',6,1,10,8,'Put a copper coin in a coffe-cup and fill up with coffee until you no longer see the coin, then add alcohol until you see the coin. Norwegian speciality.','Karsk.webp',0),(132,'Kirr Royale',6,1,4,1,'Pour Creme de cassis in glass, gently pour champagne on top','Kirr-Royale.webp',0),(133,'Kiss me Quick',6,1,10,1,'Mix in the glass','Kiss-me-Quick.webp',0),(134,'Kiwi Lemon',6,1,10,4,'Mix in highball glass. Stirr. Garnish with slice of kiwi.','Kiwi-Lemon.webp',0),(135,'Kool First Aid',10,1,18,1,'Add Kool Aid to a double shot glass, and top with rum. Slam and shoot.','Kool-First-Aid.webp',0),(136,'Lady Love Fizz',6,1,5,10,'Shake all ingredients (except carbonated water) with ice and strain into a cocktail glass over two ice cubes. Fill with carbonated water, stir, and serve.','Lady-Love-Fizz.webp',0),(137,'Lazy Coconut Paloma',2,1,10,7,'Mix the coconut liqueur (preferably tequila) with the grapefruit juice and top with soda water. Garnish with a large grapefruit slice against the inside of the glass.','Lazy-Coconut_Paloma.webp',0),(138,'Lemon Shot',10,1,18,3,'Mix Galliano and Absolut Citron in a shot glass, lay lemon wedge sprinkled with sugar over glass and pour a rum over wedge and glass. light rum with a lighter and let burn for a second. Do shot quickly and suck on lemon. If it is done correctly, this will taste like a shot of sweet lemonade.','Lemon-shot.webp',0),(139,'Tequila Limeade',7,0,10,3,'In a large glass, put the lime juice and sugar, and stir well. Add cold seltzer water to fill. Put the lime peels in the glass. Drink. Repeat until limes or soda run out.','Tequila_Limeade.webp',0),(140,'Loch Lomond',6,1,5,8,'In a mixing glass half-filled with ice cubes, combine the Scotch, Drambuie, and vermouth. Stir well. Strain into a cocktail glass. Garnish with the lemon twist.','Loch-Lomond.webp',0),(141,'Mai Tai',6,1,7,3,'Shake all ingredients with ice. Strain into glass. Garnish and serve with straw.','Mai-Tai.webp',0),(142,'Manhattan',2,1,5,1,'Stirred over ice, strained into a chilled glass, garnished, and served up.','Manhattan.webp',0),(143,'Margarita',6,1,5,3,'Rub the rim of the glass with the lime slice to make the salt stick to it. Take care to moisten only the outer rim and sprinkle the salt on it. The salt should present to the lips of the imbiber and never mix into the cocktail. Shake the other ingredients with ice, then carefully pour into the glass.','Margarita.webp',0),(144,'Martini',2,1,5,9,'Straight: Pour all ingredients into mixing glass with ice cubes. Stir well. Strain in chilled martini cocktail glass. Squeeze oil from lemon peel onto the drink, or garnish with olive.','Martini.webp',0),(145,'Miami Vice',2,1,5,1,'First: Mix pina colada with 2.5 oz. of rum with ice(set aside). Second: Mix daiquiri with 2.5 oz. of rum with ice. Third: While frozen, add pina colda mix then daiquiri mix in glass (Making sure they do not get mixed together).','Miami-Vice.webp',0),(146,'Mimosa',6,1,4,3,'Ensure both ingredients are well chilled, then mix into the glass. Serve cold.','Mimosa.webp',0),(147,'Mojito',2,1,10,9,'Muddle mint leaves with sugar and lime juice. Add a splash of soda water and fill the glass with cracked ice. Pour the rum and top with soda water. Garnish and serve with straw.','Mojito.webp',0),(148,'Mulled Wine Margarita',8,1,7,1,'Simmer 3 cups water with, sugar, cloves, cinnamon sticks, and lemon peel in a stainless steel pot for 10 minutes. Add wine heat to a \"coffee temperature\" (DO NOT BOIL) then add the brandy.','Mulled-wine-margarita.webp',0),(149,'Munich Mule',2,1,10,9,'Fill glass with ice\nPour Gin and Lime Juice\nFill glass with Ginger Beer\nGarnish with Cucumer and Lime slice','Munich-Mule.webp',0),(150,'Negroni',6,1,15,1,'Stir into glass over ice, garnish and serve.','Negroni.webp',0),(151,'Old Cuban',2,1,5,8,'Shake a handful of mint, 2oz white rum, 1oz of sugar syrup, 1oz lime juice and 2 dashes angostura bitters with ice. Double strain into a glass and top with 2oz of prosecco.','Old-Cuban.webp',0),(152,'Old Fashioned',2,1,15,8,'Place sugar cube in old fashioned glass and saturate with bitters, add a dash of plain water. Muddle until dissolved.\nFill the glass with ice cubes and add whiskey.\n\nGarnish with orange twist, and a cocktail cherry.','Old-fashioned.webp',0),(153,'Old Pal',2,1,14,1,'Chill cocktail glass. Add ingredients to a mixing glass, and fill 2/3 full with ice. Stir about 20 seconds. Empty cocktail glass and strain into the glass. Garnish with a twist of lemon peel.','Old-Pal.webp',0),(154,'Quaker\'\'s Cocktail',6,1,5,7,'Shake all ingredients with ice, strain into a cocktail glass, and serve.','Quaker-s-Cocktail.webp',0),(155,'Raspberry Julep',2,1,8,1,'Softly muddle the mint leaves and raspberry syrup in the bottom of the cup. Add crushed ice and Bourbon to the cup and then stir. Top with more ice, garnish with a mint sprig.','Raspberry-Julep.webp',0),(156,'Rosemary Blue',2,1,1,5,'1) Add the Bombay Sapphire, Blue Curacao, rosemary sprig and gently squeezed lemon wedge to a balloon glass. Swirl well to combine.\n2) Fill with cubed ice and top with the Fever-Tree Light Tonic Water.\n3) Gently fold with a bar spoon to mix.','Rosemaryblue.webp',0),(157,'Royal Gin Fizz',6,1,10,10,'Shake all ingredients (except carbonated water) with ice and strain into a highball glass over two ice cubes. Fill with carbonated water, stir, and serve.','Royal-Gin-Fizz.webp',0),(158,'Rum Punch',8,1,17,2,'Mix all ingredients in a punch bowl and serve.','Rum-Punch.webp',0),(159,'San Francisco',6,1,10,1,'Take a tall glass and put in a few ice cubes, fill the vodka over it and fill with juice then the \"creme\", to end fill in the grenadine but very carefully at the side of the glass so it will lay down in the bottom. garnish with orange and strawberry.','San-Francisco.webp',0),(160,'Sea Breeze',6,1,10,1,'Build all ingredients in a highball glass filled with ice. Garnish with lime wedge.','Sea-Breeze.webp',0),(161,'Snowball',6,1,10,3,'Place one ice cube in the glass and add 1 1/2 oz of Advocaat. Fill up the glass with lemonade and decorate with a slice of lemon. Serve at once.','Snowball.webp',0),(162,'Spritz',6,1,15,1,'Build into glass over ice, garnish and serve.','Spritz.webp',0),(163,'Tequila Sunrise',2,1,10,1,'Pour the tequila and orange juice into glass over ice. Add the grenadine, which will sink to the bottom. Stir gently to create the sunrise effect. Garnish and serve.','Tequila-sunrise.webp',0),(164,'Thriller',6,1,5,3,'In a shaker half-filled with ice cubes, combine all of the ingredients. Shake well. Strain into a cocktail glass.','Thriller.webp',0),(165,'Tia-Maria',5,1,7,8,'Boil water, sugar and coffe for 10 mins and let cool. Add rum and vanilla. Put in clean bottle(s) and leave for 1 week before using.','Tia-Maria.webp',0),(166,'Tuxedo Cocktail',6,1,5,7,'Stir all ingredients with ice and strain into a cocktail glass. Garnish with a cherry and a twist of lemon zest.','Tuxedo-Cocktail.webp',0),(167,'Valencia Cocktail',6,1,5,3,'Shake all ingredients with ice, strain into a cocktail glass, and serve.','Valencia-Cocktail.webp',0),(168,'Vampiro',6,1,15,1,'Vampiros may be made in a tall glass or an old fashioned glass. Bartenders may first \"rim\" the glass with Kosher Salt, which is done by placing a layer of Kosher Salt on a chopping board, moistening the glass\'\' rim with lime juice or water, and then placing the upside down glass rim onto the Kosher Salt, so that the salt sticks to the moistened rim. The second step is to fill half the glass with ice and add one or two shooter glasses full of high quality Tequila. The next stage is to add the flavouring elements. This is done by squeezing a fresh lime into the glass, adding a few grains of salt, adding citrus-flavoured soda pop, until the glass is 4/5 full, and then adding spicy Viuda de Sanchez (or orange juice, lime juice and pico de gallo). The final step is to stir the ingredients so that the flavours are properly blended.','Vampiro.webp',0),(169,'Vodka Martini',6,1,5,9,'Shake the vodka and vermouth together with a number of ice cubes, strain into a cocktail glass, add the olive and serve.','Vodka-Martini.webp',0),(170,'Vodka Tonic',2,1,10,9,'Wash and cut 1 wedge and 1 slice of lime or lemon.\nFill a tumbler with fresh ice.\nPour the desired dose of vodka and top up with the tonic.\nSqueeze the lime wedge into the glass and decorate with the slice.\nThat\'\'s all, very simple: it\'\'s just the recipe for happiness!','Vodka-Tonic.webp',0),(171,'Whisky Mac',6,1,7,8,'Pour both of the ingredients into a wine goblet with no ice.','Whisky-Mac.webp',0),(172,'Yellow Bird',2,1,5,3,'Shake and strain into a chilled cocktail glass','Yellow-Bird.webp',0),(173,'Zombie',2,1,11,2,'Blend at high speed for no more than 5 seconds.\n\nPour into a glass, add ice cubes to fill, then add the garnish.\n\n*Donns mix: Bring 3 crushed cinnamon sticks, 1 cup of sugar and 1 cup of water to a boil, stirring until the sugar is dissolved.\n\nSimmer for 2 minutes, then remove from the heat and let sit for at least 2 hours before straining into a clean glass bottle.\n\nThen add 1 part of the syrup and 2 parts of fresh grapefruit juice together.','Zombie.webp',0),(174,'Zorro',4,1,6,5,'add all and pour black coffee and add whipped cream on top.','Zorro.webp',0);
/*!40000 ALTER TABLE `tblcocktails` ENABLE KEYS */;
UNLOCK TABLES;

--
-- Table structure for table `tblcolors`
--

DROP TABLE IF EXISTS `tblcolors`;
/*!40101 SET @saved_cs_client     = @@character_set_client */;
/*!50503 SET character_set_client = utf8mb4 */;
CREATE TABLE `tblcolors` (
  `id` int(11) NOT NULL AUTO_INCREMENT,
  `strColor` varchar(255) NOT NULL,
  PRIMARY KEY (`id`)
) ENGINE=InnoDB AUTO_INCREMENT=11 DEFAULT CHARSET=utf8mb3 COLLATE=utf8mb3_general_ci;
/*!40101 SET character_set_client = @saved_cs_client */;

--
-- Dumping data for table `tblcolors`
--

LOCK TABLES `tblcolors` WRITE;
/*!40000 ALTER TABLE `tblcolors` DISABLE KEYS */;
INSERT INTO `tblcolors` VALUES (1,'Red'),(2,'Orange'),(3,'Yellow'),(4,'Green'),(5,'Blue'),(6,'Purple'),(7,'Pink'),(8,'Brown'),(9,'See-Through'),(10,'White');
/*!40000 ALTER TABLE `tblcolors` ENABLE KEYS */;
UNLOCK TABLES;

--
-- Table structure for table `tbldrinktype`
--

DROP TABLE IF EXISTS `tbldrinktype`;
/*!40101 SET @saved_cs_client     = @@character_set_client */;
/*!50503 SET character_set_client = utf8mb4 */;
CREATE TABLE `tbldrinktype` (
  `id` int(11) NOT NULL AUTO_INCREMENT,
  `strCategory` varchar(255) NOT NULL,
  PRIMARY KEY (`id`)
) ENGINE=InnoDB AUTO_INCREMENT=12 DEFAULT CHARSET=utf8mb3 COLLATE=utf8mb3_general_ci;
/*!40101 SET character_set_client = @saved_cs_client */;

--
-- Dumping data for table `tbldrinktype`
--

LOCK TABLES `tbldrinktype` WRITE;
/*!40000 ALTER TABLE `tbldrinktype` DISABLE KEYS */;
INSERT INTO `tbldrinktype` VALUES (1,'Beer'),(2,'Cocktail'),(3,'Cocoa'),(4,'WarmDrink'),(5,'HomemadeLiqueur'),(6,'OrdinaryDrink'),(7,'Other'),(8,'Punch'),(9,'Shake'),(10,'Shot'),(11,'SoftDrink');
/*!40000 ALTER TABLE `tbldrinktype` ENABLE KEYS */;
UNLOCK TABLES;

--
-- Table structure for table `tblglasses`
--

DROP TABLE IF EXISTS `tblglasses`;
/*!40101 SET @saved_cs_client     = @@character_set_client */;
/*!50503 SET character_set_client = utf8mb4 */;
CREATE TABLE `tblglasses` (
  `id` int(11) NOT NULL AUTO_INCREMENT,
  `strGlass` varchar(255) NOT NULL,
  PRIMARY KEY (`id`)
) ENGINE=InnoDB AUTO_INCREMENT=22 DEFAULT CHARSET=utf8mb3 COLLATE=utf8mb3_general_ci;
/*!40101 SET character_set_client = @saved_cs_client */;

--
-- Dumping data for table `tblglasses`
--

LOCK TABLES `tblglasses` WRITE;
/*!40000 ALTER TABLE `tblglasses` DISABLE KEYS */;
INSERT INTO `tblglasses` VALUES (1,'Balloon Glass'),(2,'Beer mug'),(3,'Beer pilsner'),(4,'Champagne Flute'),(5,'Cocktail glass'),(6,'Coffee mug'),(7,'Collins glass'),(8,'Cordial glass'),(9,'Coupe Glass'),(10,'Highball glass'),(11,'Hurricane glass'),(12,'Margarita glass'),(13,'Martini Glass'),(14,'Nick and Nora Glass'),(15,'Old-fashioned glass'),(16,'Pint glass'),(17,'Punch bowl'),(18,'Shot glass'),(19,'Whiskey sour glass'),(20,'White wine glass'),(21,'Wine Glass');
/*!40000 ALTER TABLE `tblglasses` ENABLE KEYS */;
UNLOCK TABLES;

--
-- Table structure for table `tblingredientcategories`
--

DROP TABLE IF EXISTS `tblingredientcategories`;
/*!40101 SET @saved_cs_client     = @@character_set_client */;
/*!50503 SET character_set_client = utf8mb4 */;
CREATE TABLE `tblingredientcategories` (
  `id` int(11) NOT NULL AUTO_INCREMENT,
  `strCategory` varchar(255) NOT NULL,
  `isOnMachine` bit(1) NOT NULL DEFAULT b'1',
  PRIMARY KEY (`id`)
) ENGINE=InnoDB AUTO_INCREMENT=29 DEFAULT CHARSET=utf8mb3 COLLATE=utf8mb3_general_ci;
/*!40101 SET character_set_client = @saved_cs_client */;

--
-- Dumping data for table `tblingredientcategories`
--

LOCK TABLES `tblingredientcategories` WRITE;
/*!40000 ALTER TABLE `tblingredientcategories` DISABLE KEYS */;
INSERT INTO `tblingredientcategories` VALUES (1,'Amaretto',_binary ''),(2,'Beer',_binary ''),(3,'Bitters',_binary ''),(4,'Brandy',_binary ''),(5,'Cider',_binary ''),(6,'Coffee',_binary '\0'),(7,'Coffee Liquor',_binary ''),(8,'Cognac',_binary ''),(9,'Cream',_binary '\0'),(10,'Garnish',_binary '\0'),(11,'Gin',_binary ''),(12,'Ice',_binary '\0'),(13,'Juices',_binary '\0'),(14,'Liquor',_binary ''),(15,'Milk',_binary '\0'),(16,'Mixer',_binary ''),(17,'Rum',_binary ''),(18,'Schnapps',_binary ''),(19,'Schnapps',_binary ''),(20,'Shots',_binary ''),(21,'Soda',_binary '\0'),(22,'Syrup',_binary '\0'),(23,'Tea',_binary '\0'),(24,'Vermouth',_binary ''),(25,'Vodka',_binary ''),(26,'Water',_binary '\0'),(27,'Whiskey',_binary ''),(28,'Wines',_binary '');
/*!40000 ALTER TABLE `tblingredientcategories` ENABLE KEYS */;
UNLOCK TABLES;

--
-- Table structure for table `tblingredients`
--

DROP TABLE IF EXISTS `tblingredients`;
/*!40101 SET @saved_cs_client     = @@character_set_client */;
/*!50503 SET character_set_client = utf8mb4 */;
CREATE TABLE `tblingredients` (
  `id` int(11) NOT NULL AUTO_INCREMENT,
  `strName` varchar(255) NOT NULL,
  `categoryID` int(11) DEFAULT NULL,
  `picture` varchar(255) DEFAULT NULL,
  PRIMARY KEY (`id`),
  KEY `categoryID` (`categoryID`),
  CONSTRAINT `tblingredients_ibfk_1` FOREIGN KEY (`categoryID`) REFERENCES `tblingredientcategories` (`id`)
) ENGINE=InnoDB AUTO_INCREMENT=287 DEFAULT CHARSET=utf8mb3 COLLATE=utf8mb3_general_ci;
/*!40101 SET character_set_client = @saved_cs_client */;

--
-- Dumping data for table `tblingredients`
--

LOCK TABLES `tblingredients` WRITE;
/*!40000 ALTER TABLE `tblingredients` DISABLE KEYS */;
INSERT INTO `tblingredients` VALUES (1,'151 proof rum',17,'151-proof-rum.webp'),(2,'7-Up',21,'7-Up.webp'),(3,'Absinthe',14,'Absinthe.webp'),(4,'Absolut Citron',25,'Absolut-Citron.webp'),(5,'Absolut Kurant',25,'Absolut-Kurant.webp'),(6,'Absolut Peppar',25,'Absolut-Peppar.webp'),(7,'Absolut Vodka',25,'Absolut-Vodka.webp'),(8,'Advocaat',14,'Advocaat.webp'),(9,'Allspice',14,'Allspice.webp'),(10,'Amaretto',1,'Amaretto.webp'),(11,'Amaro Montenegro',14,'Amaro-Montenegro.webp'),(12,'Angostura Bitters',3,'Angostura-Bitters.webp'),(13,'Anisette',14,'Anisette.webp'),(14,'Aperol',14,'Aperol.webp'),(15,'Apfelkorn',18,'Apfelkorn.webp'),(16,'Apple Brandy',14,'Apple-Brandy.webp'),(17,'Apple juice',5,'Apple-juice.webp'),(18,'Applejack',4,'Applejack.webp'),(19,'Apricot Brandy',14,'Apricot-Brandy.webp'),(20,'Apricot Nectar',14,'Apricot-Nectar.webp'),(21,'Bacardi Limon',17,'Bacardi-Limon.webp'),(22,'Baileys Irish Cream',14,'Baileys-Irish-Cream.webp'),(23,'Banana',10,'Banana.webp'),(24,'Banana Liqueur',14,'Banana-Liqueur.webp'),(25,'Beer',2,'Beer.webp'),(26,'Benedictine',14,'Benedictine.webp'),(27,'Bitter Lemon',3,'Bitter-Lemon.webp'),(28,'Bitters',3,'Bitters.webp'),(29,'Black Sambuca',14,'Black-Sambuca.webp'),(30,'Blackberry Brandy',4,'Blackberry-Brandy.webp'),(31,'Blackcurrant Cordial',22,'Blackcurrant-Cordial.webp'),(32,'Blended Whiskey',27,'Blended-Whiskey.webp'),(33,'Blue Curacao',14,'Blue-Curacao.webp'),(34,'Blueberry Schnapps',18,'Blueberry-Schnapps.webp'),(35,'Bourbon',27,'Bourbon.webp'),(36,'Brandy',4,'Brandy.webp'),(37,'Brown Sugar',10,'Brown-Sugar.webp'),(38,'Butter',10,'Butter.webp'),(39,'Butterscotch Schnapps',18,'Butterscotch-Schnapps.webp'),(40,'Cachaca',17,'Cachaca.webp'),(41,'Campari',14,'Campari.webp'),(42,'Carbonated Soft Drink',21,'Carbonated-Soft-Drink.webp'),(43,'Carbonated Water',26,'Carbonated-Water.webp'),(44,'Cardamom',10,'Cardamom.webp'),(45,'Celery Salt',10,'Celery-Salt.webp'),(46,'Chambord Raspberry',14,'Chambord-Raspberry.webp'),(47,'Champagne',28,'Champagne.webp'),(48,'Cherry Brandy',14,'Cherry-Brandy.webp'),(49,'Cherry Heering',14,'Cherry-Heering.webp'),(50,'Cherry Juice',14,'Cherry-Juice.webp'),(51,'Chocolate',10,'Chocolate.webp'),(52,'Chocolate Liqueur',14,'Chocolate-Liqueur.webp'),(53,'Chocolate Syrup',22,'Chocolate-Syrup.webp'),(54,'Cider',2,'Cider.webp'),(55,'Cinnamon',10,'Cinnamon.webp'),(56,'Cloves',10,'Cloves.webp'),(57,'Club soda',21,'Club-soda.webp'),(58,'Coca-Cola',21,'Coca-Cola.webp'),(59,'Cocoa powder',10,'Cocoa-powder.webp'),(60,'Coconut Liqueur',14,'Coconut-Liqueur.webp'),(61,'Coffee',6,'Coffee.webp'),(62,'Coffee Brandy',4,'Coffee-Brandy.webp'),(63,'Coffee Liqueur',14,'Coffee-Liqueur.webp'),(64,'Cognac',4,'Cognac.webp'),(65,'Cointreau',14,'Cointreau.webp'),(66,'Condensed Milk',10,'Condensed-Milk.webp'),(67,'Coriander',10,'Coriander.webp'),(68,'Corn Syrup',22,'Corn-Syrup.webp'),(69,'Corona',2,'Corona.webp'),(70,'Cranberry Juice',13,'Cranberry-Juice.webp'),(71,'Cranberry Vodka',25,'Cranberry-Vodka.webp'),(72,'Cream',10,'Cream.webp'),(73,'Cream of Coconut',14,'Cream-of-Coconut.webp'),(74,'Creme de Banane',14,'Creme-de-Banane.webp'),(75,'Creme de Cacao',14,'Creme-de-Cacao.webp'),(76,'Creme de Cassis',14,'Creme-de-Cassis.webp'),(77,'Crown Royal',27,'Crown-Royal.webp'),(78,'Cumin seed',10,'Cumin-seed.webp'),(79,'Daiquiri mix',17,'Daiquiri-mix.webp'),(80,'Dark rum',17,'Dark-rum.webp'),(81,'Demerara Sugar',10,'Demerara-Sugar.webp'),(82,'Drambuie',27,'Drambuie.webp'),(83,'Dry Vermouth',24,'Dry-Vermouth.webp'),(84,'Dubonnet Rouge',28,'Dubonnet-Rouge.webp'),(85,'Egg',10,'Egg.webp'),(86,'Egg white',10,'Egg-white.webp'),(87,'Egg yolk',10,'Egg-yolk.webp'),(88,'Elderflower cordial',14,'Elderflower-cordial.webp'),(89,'Espresso',6,'Espresso.webp'),(90,'Everclear',25,'Everclear.webp'),(91,'Falernum',22,'Falernum.webp'),(92,'Figs',10,'Figs.webp'),(93,'Firewater',27,'Firewater.webp'),(94,'Frangelico',14,'Frangelico.webp'),(95,'Fruit',10,'Fruit.webp'),(96,'Fruit juice',13,'Fruit-juice.webp'),(97,'Fruit punch',10,'Fruit-punch.webp'),(98,'Galliano',14,'Galliano.webp'),(99,'Gin',11,'Gin.webp'),(100,'Ginger',10,'Ginger.webp'),(101,'Ginger Ale',2,'Ginger-Ale.webp'),(102,'Ginger Beer',2,'Ginger-Beer.webp'),(103,'Godiva liqueur',14,'Godiva-liqueur.webp'),(104,'Gold rum',17,'Gold-rum.webp'),(105,'Goldschlager',18,'Goldschlager.webp'),(106,'Grain alcohol',11,'Grain-alcohol.webp'),(107,'Grand Marnier',8,'Grand-Marnier.webp'),(108,'Grape juice',13,'Grape-juice.webp'),(109,'Grapefruit juice',13,'Grapefruit-juice.webp'),(110,'Green Chartreuse',14,'Green-Chartreuse.webp'),(111,'Green Creme de Menthe',14,'Green-Creme-de-Menthe.webp'),(112,'Grenadine',22,'Grenadine.webp'),(113,'Half-and-half',9,'Half-and-half.webp'),(114,'Heavy cream',9,'Heavy-cream.webp'),(115,'Honey',10,'Honey.webp'),(116,'Hot Chocolate',15,'Hot-Chocolate.webp'),(117,'Hot Damn',19,'Hot-Damn.webp'),(118,'Ice',12,'Ice.webp'),(119,'Iced tea',21,'Iced-tea.webp'),(120,'Irish cream',14,'Irish-cream.webp'),(121,'Irish whiskey',27,'Irish-whiskey.webp'),(122,'Jack Daniels',27,'Jack-Daniels.webp'),(123,'Jgermeister',14,'Jgermeister.webp'),(124,'Jello',20,'Jello.webp'),(125,'Jim Beam',27,'Jim-Beam.webp'),(126,'Johnnie Walker',27,'Johnnie-Walker.webp'),(127,'Kahlua',14,'Kahlua.webp'),(128,'Kiwi',10,'Kiwi.webp'),(129,'Kiwi liqueur',14,'Kiwi-liqueur.webp'),(130,'Kool-Aid',21,'Kool-Aid.webp'),(131,'Lager',2,'Lager.webp'),(132,'Lemon',10,'Lemon.webp'),(133,'Lemon juice',13,'Lemon-juice.webp'),(134,'Lemon peel',10,'Lemon-peel.webp'),(135,'Lemonade',21,'Lemonade.webp'),(136,'Lemon-lime soda',21,'Lemon-lime-soda.webp'),(137,'Light cream',10,'Light-cream.webp'),(138,'Light rum',17,'Light-rum.webp'),(139,'Lillet',28,'Lillet.webp'),(140,'Lillet Blanc',28,'Lillet-Blanc.webp'),(141,'Lime',10,'Lime.webp'),(142,'Lime juice',13,'Lime-juice.webp'),(143,'Lime vodka',25,'Lime-vodka.webp'),(144,'Limeade',21,'Limeade.webp'),(145,'Malibu rum',17,'Malibu-rum.webp'),(146,'Mango',10,'Mango.webp'),(147,'Maple syrup',22,'Maple-syrup.webp'),(148,'Maraschino Cherry',14,'Maraschino-Cherry.webp'),(149,'Maraschino liqueur',14,'Maraschino-liqueur.webp'),(150,'Melon Liqueur',14,'Melon-Liqueur.webp'),(151,'Midori melon liqueur',14,'Midori-melon-liqueur.webp'),(152,'Milk',9,'Milk.webp'),(153,'Mint',10,'Mint.webp'),(154,'Mint syrup',22,'Mint-syrup.webp'),(155,'Mountain Dew',21,'Mountain-Dew.webp'),(156,'Olive',10,'Olive.webp'),(157,'Olive Brine',10,'Olive-Brine.webp'),(158,'Orange Bitters',3,'Orange-Bitters.webp'),(159,'Orange Curacao',14,'Orange-Curacao.webp'),(160,'Orange juice',13,'Orange-juice.webp'),(161,'Orange Peel',10,'Orange-Peel.webp'),(162,'Orgeat syrup',22,'Orgeat-syrup.webp'),(163,'Ouzo',14,'Ouzo.webp'),(164,'Papaya',10,'Papaya.webp'),(165,'Passion fruit juice',13,'Passion-fruit-juice.webp'),(166,'Peach Bitters',3,'Peach-Bitters.webp'),(167,'Peach brandy',4,'Peach-brandy.webp'),(168,'Peach nectar',14,'Peach-nectar.webp'),(169,'Peach schnapps',14,'Peach-schnapps.webp'),(170,'Peach Vodka',25,'Peach-Vodka.webp'),(171,'Peachtree schnapps',18,'Peachtree-schnapps.webp'),(172,'Pepsi Cola',21,'Pepsi-Cola.webp'),(173,'Peychaud bitters',3,'Peychaud-bitters.webp'),(174,'Pina colada mix',17,'Pina-colada-mix.webp'),(175,'Pineapple',10,'Pineapple.webp'),(176,'Pineapple juice',13,'Pineapple-juice.webp'),(177,'Pineapple Syrup',22,'Pineapple-Syrup.webp'),(178,'Pisang Ambon',14,'Pisang-Ambon.webp'),(179,'Pisco',4,'Pisco.webp'),(180,'Pomegranate juice',13,'Pomegranate-juice.webp'),(181,'Port',28,'Port.webp'),(182,'Powdered sugar',10,'Powdered-sugar.webp'),(183,'Prosecco',28,'Prosecco.webp'),(184,'Raspberry Liqueur',14,'Raspberry-Liqueur.webp'),(185,'Raspberry syrup',22,'Raspberry-syrup.webp'),(186,'Raspberry vodka',25,'Raspberry-vodka.webp'),(187,'Red Chili Flakes',10,'Red-Chili-Flakes.webp'),(188,'Red wine',28,'Red-wine.webp'),(189,'Ricard',14,'Ricard.webp'),(190,'Root Beer',2,'Root-Beer.webp'),(191,'Ros',28,'Ros.webp'),(192,'Roses sweetened lime juice',13,'Roses-sweetened-lime-juice.webp'),(193,'Rosso Vermouth',24,'Rosso-Vermouth.webp'),(194,'Ruby Port',28,'Ruby-Port.webp'),(195,'Rum',17,'Rum.webp'),(196,'Rumple Minze',18,'Rumple-Minze.webp'),(197,'Rye Whiskey',27,'Rye-Whiskey.webp'),(198,'Salt',10,'Salt.webp'),(199,'Sambuca',14,'Sambuca.webp'),(200,'Sarsaparilla',10,'Sarsaparilla.webp'),(201,'Schweppes Russchian',21,'Schweppes-Russchian.webp'),(202,'Scotch',27,'Scotch.webp'),(203,'Sherbet',9,'Sherbet.webp'),(204,'Sherry',28,'Sherry.webp'),(205,'Sloe gin',11,'Sloe-gin.webp'),(206,'Soda water',21,'Soda-water.webp'),(207,'Sour mix',22,'Sour-mix.webp'),(208,'Southern Comfort',27,'Southern-Comfort.webp'),(209,'Spiced rum',17,'Spiced-rum.webp'),(210,'Sprite',21,'Sprite.webp'),(211,'Strawberries',10,'Strawberries.webp'),(212,'Strawberry liqueur',14,'Strawberry-liqueur.webp'),(213,'Strawberry schnapps',18,'Strawberry-schnapps.webp'),(214,'Sugar',10,'Sugar.webp'),(215,'Sugar syrup',22,'Sugar-syrup.webp'),(216,'Sweet and sour',16,'Sweet-and-sour.webp'),(217,'Sweet Vermouth',24,'Sweet-Vermouth.webp'),(218,'Tabasco sauce',10,'Tabasco-sauce.webp'),(219,'Tea',23,'Tea.webp'),(220,'Tennessee whiskey',27,'Tennessee-whiskey.webp'),(221,'Tequila',14,'Tequila.webp'),(222,'Tia maria',7,'Tia-maria.webp'),(223,'Tomato juice',13,'Tomato-juice.webp'),(224,'Tonic Water',21,'Tonic-Water.webp'),(225,'Triple sec',14,'Triple-sec.webp'),(226,'Vanilla extract',10,'Vanilla-extract.webp'),(227,'Vanilla ice-cream',9,'Vanilla-ice-cream.webp'),(228,'Vanilla syrup',22,'Vanilla-syrup.webp'),(229,'Vanilla vodka',25,'Vanilla-vodka.webp'),(230,'Vermouth',24,'Vermouth.webp'),(231,'Vodka',25,'Vodka.webp'),(232,'Water',21,'Water.webp'),(233,'Whiskey',27,'Whiskey.webp'),(234,'Whisky',27,'Whisky.webp'),(235,'White Creme de Menthe',14,'White-Creme-de-Menthe.webp'),(236,'White Rum',17,'White-Rum.webp'),(237,'White Wine',28,'White-Wine.webp'),(238,'Wild Turkey',27,'Wild-Turkey.webp'),(239,'Wine',28,'Wine.webp'),(240,'Yellow Chartreuse',14,'Yellow-Chartreuse.webp'),(241,'Yoghurt',10,'Yoghurt.webp'),(242,'Yukon Jack',14,'Yukon-Jack.webp'),(243,'Zima',21,'Zima.webp'),(244,'Dark Creme de Cacao',14,'Dark-Creme-de-Cacao.webp'),(245,'Nutmeg',10,'Nutmeg.webp'),(246,'Creme de Mure',14,'Creme-de-Mure.webp'),(247,'Wormwood',10,'Wormwood.webp'),(248,'Vanilla',10,'Vanilla.webp'),(249,'Aejo rum',17,'Aejo-rum.webp'),(250,'Almond Flavoring',14,'Almond-Flavoring.webp'),(251,'St Germain',14,'St-Germain.webp'),(252,'Thyme',10,'Thyme.webp'),(253,'Dr Pepper',21,'Dr-Pepper.webp'),(254,'Sirup of roses',22,'Sirup-of-roses.webp'),(255,'Orange spiral',10,'Orange-spiral.webp'),(256,'Orange',10,'Orange.webp'),(257,'Whipped cream',9,'Whipped-cream.webp'),(258,'Coconut syrup',22,'Coconut-syrup.webp'),(259,'Guinness Stout',2,'Guinness-Stout.webp'),(260,'Asafoetida',10,'Asafoetida.webp'),(261,'Fresh Lemon Juice',13,'Fresh-Lemon-Juice.webp'),(262,'Lime peel',10,'Lime-peel.webp'),(263,'Hot Sauce',10,'Hot-Sauce.webp'),(264,'Cucumber',10,'Cucumber.webp'),(265,'Jagermeister',14,'Jagermeister.webp'),(266,'Rosemary Syrup',22,'Rosemary-Syrup.webp'),(267,'Rosemary',10,'Rosemary.webp'),(268,'Blood Orange',10,'Blood-Orange.webp'),(269,'Apple',10,'Apple.webp'),(270,'Cherry',10,'Cherry.webp'),(271,'Agave Syrup',22,'Agave-Syrup.webp'),(272,'Pernod',14,'Pernod.webp'),(273,'Blackstrap Rum',17,'Blackstrap-Rum.webp'),(274,'Marshmallows',10,'Marshmallows.webp'),(275,'Blackberries',10,'Blackberries.webp'),(276,'Cayenne pepper',10,'Cayenne-pepper.webp'),(277,'Worcestershire Sauce',10,'Worcestershire-Sauce.webp'),(278,'Oreo cookie',10,'Oreo-cookie.webp'),(279,'Whipping cream',10,'Whipping-cream.webp'),(280,'Pepper',10,'Pepper.webp'),(281,'Caramel coloring',10,'Caramel-coloring.webp'),(282,'Soy Sauce',10,'Soy-Sauce.webp'),(283,'Cherries',10,'Cherries.webp'),(284,'Lavender',10,'Lavender.webp'),(285,'Black pepper',10,'Black-pepper.webp'),(286,'Fresca',21,'Fresca.webp');
/*!40000 ALTER TABLE `tblingredients` ENABLE KEYS */;
UNLOCK TABLES;
/*!40103 SET TIME_ZONE=@OLD_TIME_ZONE */;

/*!40101 SET SQL_MODE=@OLD_SQL_MODE */;
/*!40014 SET FOREIGN_KEY_CHECKS=@OLD_FOREIGN_KEY_CHECKS */;
/*!40014 SET UNIQUE_CHECKS=@OLD_UNIQUE_CHECKS */;
/*!40101 SET CHARACTER_SET_CLIENT=@OLD_CHARACTER_SET_CLIENT */;
/*!40101 SET CHARACTER_SET_RESULTS=@OLD_CHARACTER_SET_RESULTS */;
/*!40101 SET COLLATION_CONNECTION=@OLD_COLLATION_CONNECTION */;
/*!40111 SET SQL_NOTES=@OLD_SQL_NOTES */;

-- Dump completed on 2024-06-27 18:22:17
